bailabilidad,energia,valencia,acustica,tempo,duracion_min,volumen_db,anio,colaboracion,genero,reproducciones_sem1,popularidad,es_hit
0.449,0.753,0.617,0.658,94.8,4.71,-8.2,1997,0,urbano,282094,47.8,0
0.554,0.13,0.473,0.003,152.3,4.74,-7.3,1997,0,urbano,502326,63.8,0
0.656,0.235,0.539,0.095,94.9,4.15,-9.9,1996,0,electronica,259287,46.2,0
0.541,0.6,0.82,0.596,144.8,2.63,-8.4,2010,0,electronica,343570,54.2,0
0.699,0.376,0.277,0.312,188.4,3.57,-6.4,2022,0,rock,298494,48.9,0
0.777,0.873,0.404,0.451,136.9,3.5,-5.3,1997,1,pop,883391,87.2,1
0.544,0.759,0.041,0.323,149.6,2.82,-11.6,1997,0,rock,451908,60.8,0
0.325,0.183,0.445,0.433,146.7,4.06,-10.4,2016,0,urbano,325379,52.3,0
0.678,0.636,0.134,0.411,106.1,2.88,-5.7,2010,0,urbano,667029,75.0,1
0.845,0.209,0.294,0.42,127.3,2.47,-6.2,2004,0,indie,221682,43.4,0
0.376,0.648,0.425,0.119,96.1,2.2,-4.0,1995,0,indie,426829,60.2,0
0.552,0.444,0.669,0.064,152.2,4.87,-4.1,2019,0,indie,320994,52.0,0
0.85,0.475,0.085,0.08,92.9,3.09,-0.8,2015,1,electronica,487868,63.6,0
0.492,0.56,0.028,0.535,137.5,3.11,-8.9,2013,0,rock,211466,41.6,0
0.752,0.803,0.894,0.545,148.3,2.68,-3.3,2002,0,urbano,730310,81.0,1
0.432,0.944,0.74,0.667,107.7,4.59,-10.8,2023,0,indie,285671,48.8,0
0.32,0.833,0.221,0.254,102.0,2.4,-0.8,1996,0,urbano,453469,61.1,0
0.452,0.81,0.524,0.514,115.8,2.54,-6.6,2017,0,pop,532748,67.0,0
0.638,0.719,0.917,0.863,97.7,3.24,-6.4,2017,0,pop,582474,71.2,1
0.551,0.524,0.281,0.746,123.9,3.48,-5.0,2017,0,electronica,396291,56.7,0
0.72,0.762,0.171,0.156,97.1,4.03,-12.1,2013,1,urbano,675204,74.2,1
0.354,0.837,0.696,0.19,98.9,2.96,-11.2,2004,0,electronica,369640,54.6,0
0.713,0.726,0.103,0.212,133.7,4.74,-7.7,2009,0,rock,247382,46.5,0
0.444,0.548,0.526,0.089,135.4,2.96,-7.0,2008,1,pop,517898,65.9,0
0.668,0.603,0.815,0.273,112.7,2.69,-1.8,2021,0,electronica,552637,68.6,0
0.661,0.723,0.438,0.211,78.8,2.62,-10.8,2018,0,electronica,474045,65.2,0
0.22,0.41,0.482,0.187,149.3,2.88,-3.4,2009,0,pop,143853,34.4,0
0.714,0.352,0.709,0.878,108.8,2.57,-8.8,2017,0,pop,250853,44.6,0
0.498,0.781,0.175,0.251,171.6,4.1,-8.8,2025,0,rock,449282,61.2,0
0.883,0.745,0.845,0.851,116.7,2.7,-8.5,2016,0,pop,460465,62.1,0
0.422,0.12,0.34,0.091,123.4,3.39,-8.9,2006,0,urbano,257873,46.3,0
0.828,0.824,0.377,0.154,109.2,2.68,-6.5,1995,1,indie,534264,66.1,0
0.345,0.505,0.289,0.613,126.1,2.56,-9.2,2022,0,pop,191939,40.0,0
0.189,0.761,0.3,0.373,200.0,4.39,-12.2,1995,0,urbano,256039,46.3,0
0.731,0.488,0.356,0.545,111.3,4.78,-8.8,2010,0,pop,371310,55.8,0
0.201,0.653,0.205,0.401,151.9,4.52,-6.6,1997,0,urbano,275424,48.6,0
0.25,0.689,0.864,0.228,122.3,2.32,-12.2,2022,0,urbano,315803,51.7,0
0.845,0.559,0.759,0.084,149.3,2.43,-6.3,1995,0,pop,561896,67.9,0
0.494,0.692,0.682,0.339,71.7,5.08,-4.5,2016,0,electronica,508618,66.4,0
0.642,0.308,0.573,0.305,168.6,3.3,-3.6,2018,0,electronica,417077,58.3,0
0.686,0.432,0.853,0.001,128.5,2.4,-7.0,2017,0,urbano,692375,76.3,1
0.701,0.548,0.297,0.496,113.3,4.37,-13.4,2011,0,indie,231370,43.4,0
0.492,0.459,0.641,0.706,142.6,3.55,-6.1,2013,0,pop,386632,58.0,0
0.116,0.557,0.323,0.603,123.6,3.96,-5.1,2010,0,urbano,78616,24.5,0
0.3,0.876,0.692,0.224,91.3,1.71,-10.1,2018,0,electronica,472978,65.2,0
0.373,0.258,0.394,0.098,60.0,3.24,-8.2,1997,1,rock,225885,43.1,0
0.825,0.769,0.648,0.654,165.7,4.26,-6.5,2022,0,indie,378899,55.9,0
0.814,0.591,0.663,0.68,114.4,2.99,-2.6,2019,0,rock,422286,58.6,0
0.215,0.622,0.656,0.175,104.7,4.49,-8.8,2025,0,indie,235557,43.8,0
0.465,0.834,0.048,0.35,106.6,2.45,-5.3,1997,0,pop,378183,56.6,0
0.92,0.6,0.15,0.55,156.6,3.41,-7.1,2001,0,pop,528697,67.6,0
0.548,0.777,0.857,0.126,107.7,4.82,-7.4,2001,1,urbano,512916,66.3,0
0.667,0.833,0.544,0.164,136.1,2.58,-4.0,2007,0,electronica,744771,79.3,1
0.672,0.51,0.151,0.138,111.6,3.72,-10.5,2020,1,pop,495946,64.3,0
0.647,0.618,0.658,0.265,88.6,3.97,-7.3,2019,1,pop,595247,71.2,1
0.453,0.268,0.338,0.31,142.5,3.57,-7.9,2016,0,indie,194364,39.1,0
0.21,0.354,0.049,0.101,147.6,3.3,-12.5,2007,0,rock,182473,38.2,0
0.698,0.418,0.423,0.545,103.0,2.8,-4.3,1997,0,urbano,408177,59.6,0
0.723,0.721,0.646,0.172,119.1,3.66,-5.5,2016,1,pop,701936,79.0,1
0.24,0.267,0.223,0.423,122.4,3.42,-7.9,1997,1,electronica,168629,36.3,0
0.898,0.696,0.645,0.134,131.1,2.35,-8.8,2001,0,indie,668208,77.3,1
0.053,0.835,0.811,0.369,169.3,4.38,-8.0,2007,0,electronica,380767,56.6,0
0.076,0.484,0.299,0.523,111.9,2.77,-5.9,2019,0,pop,227706,43.0,0
0.218,0.384,0.431,0.674,111.7,2.37,-7.8,2013,0,urbano,208962,41.7,0
0.403,0.655,0.32,0.61,115.6,3.02,-10.0,1998,0,urbano,529372,68.7,0
0.551,0.629,0.689,0.117,96.4,2.79,-9.6,2002,0,indie,415388,60.0,0
0.483,0.619,0.594,0.097,76.9,3.29,-8.0,2021,1,electronica,558157,70.8,1
0.546,0.753,0.122,0.33,123.3,2.51,-10.8,2013,0,electronica,368913,54.8,0
0.403,0.793,0.629,0.191,133.2,3.86,-7.0,2015,0,urbano,606007,71.4,1
0.851,0.519,0.178,0.331,120.1,4.6,-10.4,2006,0,pop,176589,38.0,0
0.376,0.289,0.139,0.166,118.4,3.58,-10.9,2020,0,electronica,304408,51.1,0
0.451,0.48,0.355,0.165,97.5,2.34,0.0,2013,0,rock,245057,43.8,0
0.263,0.36,0.522,0.191,126.3,2.77,-2.2,1997,1,pop,295594,48.9,0
0.523,0.781,0.748,0.304,124.2,3.68,-7.6,2017,0,electronica,385685,57.2,0
0.773,0.313,0.397,0.385,131.9,1.93,-5.4,2003,1,pop,396432,56.4,0
0.894,0.676,0.609,0.102,128.1,2.51,-4.9,2021,0,electronica,699207,77.3,1
0.637,0.652,0.724,0.439,129.8,2.18,-8.2,2014,0,rock,526665,66.4,0
0.584,0.346,0.348,0.441,153.0,3.59,-7.2,2001,0,pop,442495,61.9,0
0.429,0.893,0.419,0.441,134.3,5.23,-8.8,1995,0,electronica,459289,63.6,0
0.645,0.771,0.113,0.218,132.0,2.49,-4.2,1997,0,urbano,520694,68.0,0
0.373,0.618,0.433,0.442,76.4,4.15,-4.2,2002,0,urbano,372304,53.8,0
0.642,0.666,0.833,0.609,146.3,3.05,-3.3,1998,1,indie,562569,70.0,1
0.525,0.475,0.754,0.29,112.6,2.44,-7.2,2015,0,indie,262386,46.2,0
0.621,0.608,0.172,0.133,122.0,4.75,-1.5,2000,0,urbano,378778,55.7,0
0.811,0.217,0.863,0.272,88.2,5.23,-8.2,2008,1,rock,358223,54.5,0
0.236,0.706,0.246,0.629,172.2,3.83,-1.9,2005,0,urbano,312179,50.8,0
0.575,0.368,0.334,0.64,60.0,3.79,-9.4,2015,1,electronica,175239,37.5,0
0.494,0.844,0.533,0.653,157.2,3.55,-11.9,1995,0,urbano,549090,67.7,0
0.609,0.417,0.283,0.402,130.6,3.38,-1.9,2007,0,urbano,452081,62.6,0
0.618,0.51,0.425,0.575,72.4,3.77,-6.0,2020,0,pop,514816,66.4,0
0.604,0.701,0.357,0.557,170.9,4.04,-6.4,2002,1,indie,231486,44.9,0
0.792,0.574,0.384,0.541,132.8,4.83,-9.1,2021,1,indie,324923,53.3,0
0.853,0.58,0.473,0.121,61.0,3.08,-10.5,2000,1,pop,579022,71.6,1
0.448,0.313,0.677,0.314,109.4,3.6,-10.3,2017,0,rock,267563,46.1,0
0.323,0.534,0.299,0.091,133.4,3.43,-7.6,2003,0,urbano,356767,54.6,0
0.179,0.569,0.533,0.63,162.8,4.32,-8.5,2006,0,pop,292122,48.4,0
0.892,0.547,0.682,0.299,109.8,5.42,-13.8,2011,0,pop,479008,63.1,0
0.286,0.767,0.671,0.249,60.0,4.35,-2.9,2016,0,electronica,352490,53.8,0
0.454,0.38,0.371,0.616,156.5,4.14,-9.3,2011,0,pop,447892,62.2,0
0.51,0.514,0.361,0.393,132.5,4.23,-4.3,2012,1,urbano,463208,62.3,0
0.354,0.189,0.871,0.231,64.2,4.51,-10.1,2003,0,indie,111801,29.4,0
0.506,0.447,0.315,0.253,128.6,5.43,-7.5,2015,0,pop,145916,32.8,0
0.869,0.177,0.634,0.023,131.2,2.15,-5.1,1997,0,urbano,528160,67.2,0
0.05,0.423,0.521,0.694,111.9,3.98,-5.5,1997,0,indie,118601,30.1,0
0.348,0.852,0.25,0.756,99.3,1.5,-8.8,1999,0,electronica,129850,32.0,0
0.393,0.76,0.275,0.765,104.8,4.26,-6.5,2022,0,pop,396330,58.1,0
0.664,0.801,0.088,0.101,111.9,3.94,-6.0,2014,0,pop,613015,71.3,1
0.234,0.494,0.815,0.453,128.9,3.06,-8.4,2005,0,electronica,149635,33.4,0
0.455,0.575,0.737,0.485,139.7,1.5,-11.3,2014,0,pop,375256,55.6,0
0.348,0.833,0.086,0.511,66.3,3.49,-9.9,2003,0,rock,230827,43.7,0
0.562,0.489,0.615,0.218,126.4,3.68,-9.1,2017,0,pop,366049,54.7,0
0.426,0.602,0.771,0.364,132.2,3.45,-7.9,2007,0,electronica,499292,64.6,0
0.293,0.392,0.216,0.342,124.2,3.0,-3.2,2014,0,urbano,415780,56.9,0
0.719,0.71,0.375,0.534,109.9,2.78,-5.3,2002,0,urbano,433036,59.5,0
0.773,0.473,0.754,0.581,155.5,3.46,-10.4,1996,1,electronica,516001,67.0,0
0.638,0.718,0.238,0.18,153.6,2.86,-2.5,2025,0,pop,669341,74.2,1
0.872,0.405,0.406,0.119,110.8,4.15,-8.2,2015,0,rock,480283,62.8,0
0.353,0.789,0.095,0.453,117.9,3.44,-6.0,2015,0,indie,236029,43.1,0
0.639,0.353,0.394,0.021,139.3,2.12,-10.8,2013,0,rock,317841,50.8,0
0.366,0.168,0.259,0.58,152.1,3.64,-9.4,2022,1,pop,340395,52.2,0
0.69,0.469,0.293,0.479,99.6,3.83,-4.9,1995,1,indie,396845,57.1,0
0.55,0.77,0.451,0.652,93.8,4.79,-10.6,2024,0,pop,230774,43.4,0
0.678,0.417,0.961,0.283,126.9,4.24,-7.8,2009,0,urbano,329175,52.0,0
0.264,0.593,0.591,0.279,91.9,2.78,-6.6,2013,0,pop,208959,41.1,0
0.74,0.416,0.55,0.26,71.4,4.64,-11.1,2024,0,rock,265658,46.3,0
0.858,0.732,0.591,0.314,99.5,2.39,-13.3,2019,0,pop,559404,68.8,0
0.058,0.822,0.809,0.187,130.4,3.52,-5.3,2005,0,pop,351376,54.2,0
0.128,0.543,0.651,0.262,158.8,4.1,0.0,2023,1,urbano,449893,61.6,0
0.772,0.299,0.825,0.618,102.3,4.67,-6.6,1997,0,pop,377383,56.0,0
0.408,0.529,0.374,0.706,116.9,5.01,-6.0,1999,0,electronica,172976,38.2,0
0.485,0.777,0.382,0.107,123.9,4.52,-10.7,2002,0,urbano,609322,70.9,1
0.17,0.312,0.243,0.094,103.8,3.39,-3.6,2003,0,rock,81145,24.8,0
0.51,0.619,0.55,0.791,101.8,3.96,-9.1,2015,0,pop,389649,57.5,0
0.644,0.613,0.425,0.232,128.4,3.68,-4.5,2007,0,indie,450555,60.9,0
0.789,0.085,0.623,0.037,90.1,2.93,-6.2,2021,0,urbano,396042,57.9,0
0.93,0.394,0.462,0.423,100.8,3.41,-6.1,2014,1,urbano,756551,81.4,1
0.159,0.438,0.561,0.216,114.9,4.94,-6.2,2013,0,pop,258337,45.6,0
0.442,0.795,0.524,0.087,128.1,4.02,-6.3,2018,1,indie,521406,64.9,0
0.576,0.605,0.592,0.329,82.1,5.15,-7.1,2007,1,rock,184925,38.3,0
0.597,0.541,0.395,0.26,116.7,2.63,-5.1,2005,0,pop,549758,69.1,0
0.661,0.729,0.868,0.352,87.7,3.19,-10.2,1998,0,pop,600445,71.9,1
0.442,0.776,0.497,0.115,102.9,3.83,-8.7,2021,1,urbano,721330,77.7,1
0.383,0.868,0.461,0.624,139.7,4.09,-3.6,2002,0,pop,142293,33.3,0
0.401,0.606,0.364,0.48,118.2,3.41,-7.5,2015,0,rock,255294,44.9,0
0.199,0.398,0.2,0.316,161.7,4.14,-9.0,2019,0,urbano,136619,32.6,0
0.345,0.757,0.171,0.369,118.2,4.13,-4.9,2006,1,urbano,617734,71.7,1
0.54,0.498,0.788,0.345,144.2,2.39,-5.5,2000,0,electronica,312287,49.1,0
0.843,0.736,0.212,0.38,139.9,4.1,-11.9,2016,0,urbano,753204,82.3,1
0.805,0.406,0.131,0.265,119.7,4.36,-5.8,2005,0,pop,578511,67.5,0
0.827,0.454,0.532,0.417,87.1,3.74,-7.6,2021,0,urbano,635701,72.6,1
0.359,0.371,0.641,0.417,117.4,2.03,-5.9,2008,0,indie,295095,47.2,0
0.478,0.634,0.311,0.062,106.7,3.28,-8.0,2005,0,electronica,310230,51.3,0
0.812,0.542,0.467,0.373,105.7,3.85,-6.6,2017,0,electronica,454752,61.4,0
0.912,0.586,0.457,0.424,123.9,2.81,-13.5,2006,0,electronica,612951,72.1,1
0.649,0.724,0.756,0.29,83.8,4.23,-10.7,2019,0,pop,496527,63.8,0
0.259,0.488,0.606,0.238,98.2,4.08,-5.8,2016,0,pop,232755,43.1,0
0.497,0.455,0.787,0.582,94.7,3.61,-0.1,2022,0,pop,443232,60.6,0
0.49,0.556,0.309,0.019,113.6,3.51,-6.9,2008,0,pop,370769,54.8,0
0.676,0.751,0.731,0.29,100.8,3.65,-10.1,1997,0,electronica,760362,81.1,1
0.808,0.877,0.462,0.531,102.4,3.5,-7.6,2000,0,pop,718008,79.2,1
0.507,0.364,0.546,0.383,123.4,2.47,-10.7,1995,0,urbano,269842,46.6,0
0.878,0.94,0.101,0.061,108.9,3.16,-4.3,2021,0,pop,694044,77.8,1
0.833,0.698,0.55,0.254,120.1,3.56,-7.9,2002,0,electronica,641806,74.2,1
0.849,0.397,0.216,0.225,92.1,4.63,-4.8,2001,1,electronica,596593,72.9,1
0.281,0.539,0.169,0.356,99.3,4.05,-8.5,2013,0,electronica,254813,45.5,0
0.671,0.294,0.179,0.177,171.0,4.68,-4.6,2002,0,urbano,273861,48.0,0
0.195,0.499,0.192,0.292,102.6,2.38,-12.9,2025,0,indie,68949,22.9,0
0.334,0.768,0.499,0.314,67.3,3.22,-7.9,2021,0,indie,292320,49.8,0
0.842,0.833,0.714,0.232,128.6,5.16,-6.4,2008,0,rock,601665,71.6,1
0.3,0.251,0.406,0.278,102.3,2.91,-8.8,2014,0,rock,157034,34.8,0
0.26,0.22,0.565,0.785,126.1,2.89,-6.9,2006,0,urbano,256177,46.1,0
0.769,0.494,0.858,0.445,117.8,3.28,-7.0,2008,0,electronica,574566,70.9,1
0.455,0.499,0.765,0.24,133.7,5.11,-4.9,2009,1,indie,354265,53.5,0
0.314,0.724,0.252,0.217,117.5,2.96,-6.1,2006,0,urbano,472112,62.1,0
0.383,0.203,0.39,0.015,114.3,3.95,-6.8,2008,0,pop,186648,38.4,0
0.812,0.648,0.344,0.223,148.7,3.81,-5.4,2000,1,pop,615916,73.0,1
0.17,0.836,0.572,0.549,64.5,1.96,-12.1,2015,0,indie,122631,31.3,0
0.854,0.953,0.652,0.219,86.9,3.49,-10.3,1997,1,urbano,959733,92.0,1
0.832,0.702,0.072,0.462,99.4,3.06,-12.2,2023,0,indie,314242,50.9,0
0.489,0.289,0.159,0.245,77.7,4.04,-6.4,2023,0,rock,246622,46.0,0
0.356,0.43,0.147,0.553,108.0,4.89,-6.8,2001,0,pop,160799,36.3,0
0.261,0.39,0.33,0.199,105.5,3.22,-3.8,1996,1,rock,323188,50.6,0
0.938,0.587,0.639,0.587,144.4,3.22,-6.9,2009,0,pop,499681,64.7,0
0.297,0.91,0.096,0.442,117.8,5.51,-9.9,1996,0,urbano,275054,46.5,0
0.233,0.458,0.467,0.213,114.7,2.93,-7.6,2007,1,urbano,290311,48.0,0
0.57,0.508,0.354,0.185,110.5,2.43,-13.6,2018,0,rock,240563,44.4,0
0.905,0.052,0.458,0.483,93.7,4.6,-9.2,2004,1,urbano,406438,58.5,0
0.844,0.82,0.522,0.649,142.3,3.46,-15.0,2022,0,urbano,822446,83.1,1
0.277,0.709,0.493,0.219,150.3,3.73,-7.0,1995,1,electronica,323251,51.0,0
0.455,0.573,0.045,0.462,89.7,5.29,-8.8,2017,0,pop,118008,29.9,0
0.133,0.364,0.712,0.404,160.5,2.38,-8.4,2010,1,indie,121903,30.9,0
0.248,0.258,0.928,0.206,103.2,3.34,-10.8,2002,1,urbano,325658,51.7,0
0.596,0.431,0.168,0.855,101.2,2.51,-10.0,2008,0,rock,342193,53.4,0
0.572,0.72,0.908,0.321,131.8,3.77,-5.9,2003,0,pop,633349,73.6,1
0.107,0.753,0.125,0.605,134.1,3.06,-12.3,2014,1,pop,204469,41.0,0
0.571,0.218,0.619,0.539,118.2,2.56,-6.5,2024,1,electronica,366422,55.2,0
0.297,0.775,0.806,0.665,111.3,4.09,-10.4,2010,1,indie,468407,62.9,0
0.256,0.554,0.061,0.574,149.3,3.51,-13.0,2016,0,urbano,204913,40.9,0
0.522,0.318,0.756,0.295,104.4,2.5,-4.3,2013,0,pop,401041,57.1,0
0.459,0.309,0.762,0.406,118.3,2.55,-4.0,2020,1,electronica,361789,56.0,0
0.911,0.823,0.437,0.559,162.3,3.67,-9.6,2012,0,indie,612990,71.9,1
0.515,0.503,0.596,0.584,86.6,2.16,-9.6,2008,0,rock,214465,42.2,0
0.303,0.043,0.36,0.2,108.5,3.68,-8.8,1998,0,pop,225711,43.3,0
0.738,0.731,0.617,0.181,145.6,4.57,-10.4,2019,0,urbano,768430,82.4,1
0.508,0.175,0.831,0.188,133.2,4.03,-9.9,2022,0,indie,325264,51.4,0
0.695,0.267,0.541,0.122,142.4,3.0,-6.6,2025,1,pop,525855,69.1,0
0.401,0.35,0.27,0.306,86.9,3.72,-1.8,2017,1,pop,279676,47.7,0
0.692,0.776,0.953,0.64,128.0,2.5,-9.1,2006,0,rock,465625,62.5,0
0.151,0.673,0.459,0.622,112.9,3.61,-4.9,2016,0,urbano,249157,45.7,0
0.646,0.679,0.627,0.243,176.8,3.24,-6.9,2004,0,pop,490542,64.1,0
0.449,0.43,0.203,0.139,140.2,2.67,-13.0,2022,0,rock,234149,44.4,0
0.214,0.509,0.549,0.245,119.4,4.0,-8.1,1996,1,indie,268021,46.8,0
0.534,0.586,0.45,0.357,127.1,1.92,-8.5,2022,1,electronica,364756,56.1,0
0.169,0.552,0.594,0.38,121.4,2.55,-3.6,2017,0,pop,218884,40.7,0
0.46,0.538,0.437,0.349,137.5,2.65,-3.5,2022,1,electronica,383372,55.7,0
0.624,0.753,0.222,0.292,98.6,3.1,-6.9,2002,0,rock,609705,71.8,1
0.773,0.618,0.568,0.319,154.1,4.54,-4.4,2010,1,pop,715422,79.6,1
0.66,0.497,0.495,0.776,86.9,4.1,-8.4,2002,1,pop,328727,52.3,0
0.358,0.672,0.494,0.778,125.1,3.58,-4.6,2017,0,indie,362168,55.0,0
0.449,0.833,0.364,0.254,99.4,3.55,-7.7,2014,1,pop,563690,68.9,0
0.15,0.603,0.555,0.261,121.1,3.49,-4.7,2016,0,pop,590001,70.4,1
0.467,0.75,0.762,0.212,144.7,4.6,-4.4,2017,1,rock,568072,69.2,0
0.54,0.754,0.816,0.686,77.2,2.05,-5.9,1996,1,electronica,533098,66.8,0
0.837,0.334,0.461,0.565,115.8,4.12,-10.2,2007,1,pop,573780,70.0,1
0.513,0.895,0.416,0.08,84.0,3.09,-9.3,2002,0,electronica,701790,77.2,1
0.315,0.306,0.395,0.502,113.0,3.9,-5.7,2024,1,electronica,246447,45.2,0
0.623,0.827,0.387,0.618,83.9,3.91,-5.3,2011,0,electronica,616033,73.7,1
0.45,0.574,0.626,0.634,124.0,4.09,-7.5,2000,1,electronica,327794,50.5,0
0.692,0.924,0.614,0.138,109.3,4.77,-8.9,2007,1,pop,694710,76.7,1
0.453,0.491,0.232,0.403,138.7,2.4,-7.4,2011,0,indie,228580,41.8,0
0.527,0.545,0.596,0.203,150.7,4.3,-8.8,2005,0,rock,432178,60.4,0
0.445,0.832,0.368,0.219,120.3,3.45,-8.8,2014,0,urbano,532259,64.6,0
0.531,0.564,0.561,0.201,142.3,3.13,-2.1,2018,1,pop,851011,85.8,1
0.483,0.775,0.625,0.04,154.6,5.13,-9.4,2014,0,rock,546107,66.8,0
0.653,0.924,0.473,0.329,96.9,4.06,-6.5,2012,1,pop,738705,79.7,1
0.178,0.952,0.882,0.324,155.9,3.17,-7.5,2015,1,urbano,501979,64.9,0
0.477,0.742,0.705,0.341,119.1,4.27,-11.7,2003,0,pop,545445,68.1,0
0.517,0.264,0.633,0.475,95.5,3.46,-11.8,2014,0,rock,105817,28.9,0
0.895,0.484,0.248,0.603,127.5,3.15,-8.2,1996,0,pop,548045,67.1,0
0.741,0.111,0.716,0.036,118.2,3.02,-13.9,2019,0,rock,291637,48.9,0
0.435,0.563,0.538,0.108,84.8,3.74,-2.5,2006,1,rock,622124,71.9,1
0.882,0.651,0.7,0.14,92.5,3.01,-9.1,2020,0,urbano,636741,72.7,1
0.573,0.035,0.695,0.669,160.9,3.62,-9.3,2002,0,indie,118014,29.7,0
0.721,0.274,0.157,0.456,127.0,4.21,-4.3,2025,0,urbano,463771,62.0,0
0.763,0.624,0.744,0.385,157.0,3.59,-8.4,2011,0,electronica,607819,73.7,1
0.9,0.313,0.774,0.307,109.6,5.08,-6.0,2024,0,urbano,486072,64.3,0
0.565,0.64,0.593,0.036,100.0,3.51,-9.7,2004,0,electronica,452009,61.6,0
0.849,0.618,0.575,0.458,77.9,4.58,-7.9,2011,0,indie,529351,66.9,0
0.326,0.637,0.604,0.311,144.2,4.28,-5.1,2017,0,urbano,559921,67.5,0
0.784,0.492,0.513,0.092,130.3,4.72,-10.6,2016,0,indie,372170,54.6,0
0.629,0.843,0.808,0.213,109.8,5.08,-6.4,2002,0,pop,494427,64.7,0
0.601,0.433,0.656,0.092,100.2,2.09,-15.2,2007,0,electronica,256740,44.0,0
0.41,0.853,0.097,0.454,148.2,3.71,-4.2,2002,0,urbano,450407,61.8,0
0.855,0.313,0.471,0.237,115.6,3.41,-9.7,2015,0,pop,608341,72.3,1
0.661,0.813,0.47,0.37,115.8,3.59,-8.3,2007,1,rock,565716,70.5,1
0.604,0.622,0.385,0.483,105.0,3.18,-8.3,1995,0,pop,307179,51.5,0
0.513,0.298,0.754,0.121,109.8,3.07,-10.9,2004,0,indie,425906,60.8,0
0.103,0.149,0.261,0.045,133.8,2.62,-11.2,2006,0,electronica,29469,14.4,0
0.784,0.743,0.284,0.047,84.6,3.58,-6.4,2012,0,rock,708494,77.1,1
0.273,0.459,0.78,0.402,122.0,4.25,-6.3,2023,0,pop,350289,54.6,0
0.818,0.485,0.357,0.627,143.9,3.11,-10.7,2025,1,indie,484990,63.8,0
0.776,0.614,0.532,0.396,117.9,3.24,-6.4,2015,0,electronica,480732,62.8,0
0.632,0.48,0.175,0.175,146.4,2.94,-6.3,2023,0,rock,357502,56.2,0
0.259,0.798,0.619,0.359,153.5,2.7,-9.1,1995,1,urbano,516034,64.2,0
0.226,0.609,0.624,0.042,142.6,3.31,-11.9,2021,0,urbano,420490,58.3,0
0.579,0.855,0.276,0.198,106.6,3.77,-8.1,2011,1,urbano,480790,62.8,0
0.576,0.324,0.352,0.639,119.1,4.51,-6.9,2006,0,electronica,397947,56.5,0
0.148,0.496,0.321,0.231,128.6,2.55,-8.2,2006,0,urbano,287319,50.1,0
0.537,0.481,0.328,0.389,108.3,3.48,-9.8,2005,1,pop,424773,59.8,0
0.179,0.248,0.62,0.81,107.4,4.44,-6.6,2020,0,pop,167511,35.8,0
0.37,0.856,0.214,0.123,105.9,2.56,-4.2,2009,0,urbano,703041,77.7,1
0.582,0.566,0.495,0.6,183.6,4.51,-10.3,1998,1,rock,265575,46.0,0
0.167,0.397,0.06,0.254,113.2,3.15,-8.9,2022,0,electronica,129728,31.2,0
0.285,0.309,0.656,0.182,146.7,4.07,0.0,2013,1,indie,389408,56.3,0
0.426,0.555,0.535,0.117,98.3,3.33,-7.1,2007,0,pop,479815,63.8,0
0.614,0.116,0.144,0.424,162.5,3.87,-11.8,2017,0,pop,177427,37.3,0
0.493,0.518,0.461,0.047,110.5,4.79,-9.4,2005,0,urbano,482057,65.4,0
0.246,0.344,0.366,0.058,121.3,3.4,-10.3,2013,1,electronica,327865,51.6,0
0.525,0.457,0.509,0.125,74.2,4.3,-6.9,1995,0,indie,211491,40.8,0
0.614,0.335,0.046,0.455,147.9,3.72,-7.1,2003,0,pop,341478,53.0,0
0.328,0.78,0.721,0.203,153.3,2.87,-9.9,2005,0,pop,505168,64.1,0
0.538,0.705,0.373,0.151,90.3,3.38,-2.4,2019,1,indie,523037,66.2,0
0.915,0.719,0.13,0.552,149.4,3.33,-7.7,2018,0,rock,560538,68.8,0
0.269,0.431,0.373,0.05,86.6,2.37,-9.4,2019,0,urbano,405543,56.5,0
0.712,0.571,0.367,0.622,135.8,3.87,-11.7,2009,0,pop,492482,65.4,0
0.946,0.253,0.299,0.308,112.8,4.03,-10.7,2006,0,pop,478943,62.1,0
0.309,0.528,0.251,0.228,153.4,4.15,-11.7,2011,0,pop,262401,45.3,0
0.291,0.949,0.12,0.078,126.2,4.64,-8.6,2003,0,rock,335045,51.9,0
0.771,0.624,0.521,0.308,143.3,4.26,-10.7,2011,0,rock,580629,70.7,1
0.316,0.897,0.127,0.099,150.9,3.02,-5.6,2015,0,urbano,576361,69.6,0
0.296,0.165,0.44,0.553,112.7,3.19,-9.8,2025,0,rock,126472,31.9,0
0.376,0.328,0.715,0.401,119.3,4.17,-5.5,2006,1,pop,369854,55.9,0
0.818,0.624,0.392,0.703,92.2,3.81,-6.5,1998,1,pop,776617,81.7,1
0.295,0.423,0.58,0.137,112.5,3.49,-6.1,2005,0,pop,399352,58.5,0
0.185,0.81,0.337,0.077,168.2,2.8,-5.3,2020,1,pop,518026,66.4,0
0.452,0.741,0.616,0.098,138.9,3.08,-2.0,2008,1,indie,639335,75.2,1
0.865,0.598,0.56,0.837,93.9,3.97,-10.5,2007,0,pop,434640,59.7,0
0.618,0.468,0.649,0.344,160.8,1.94,-5.5,2009,1,pop,573244,68.0,0
0.56,0.44,0.739,0.339,129.7,1.63,-6.8,2002,0,electronica,541369,65.4,0
0.892,0.484,0.22,0.241,140.8,4.05,-4.8,2020,1,urbano,783427,83.6,1
0.406,0.76,0.503,0.571,132.3,3.07,-7.7,2015,0,pop,583609,71.4,1
0.648,0.159,0.675,0.132,130.5,3.87,-4.5,2024,0,pop,460069,62.2,0
0.303,0.348,0.128,0.287,70.1,4.76,-11.9,1998,0,pop,125769,31.0,0
0.585,0.212,0.391,0.373,147.7,2.69,-11.0,2017,0,pop,415616,59.0,0
0.817,0.424,0.381,0.541,63.6,2.16,-9.7,1997,0,rock,174653,36.7,0
0.523,0.3,0.884,0.41,145.4,3.28,-8.2,1997,0,urbano,411342,58.0,0
0.564,0.597,0.97,0.658,122.5,2.95,-7.9,2021,0,pop,598994,73.3,1
0.321,0.448,0.242,0.121,140.9,3.48,-10.2,2005,1,electronica,366580,55.0,0
0.286,0.416,0.648,0.216,124.0,3.93,-11.0,2004,1,pop,175538,38.1,0
0.28,0.733,0.353,0.587,146.1,3.76,-10.0,2000,0,urbano,195542,39.9,0
0.878,0.786,0.86,0.304,120.4,3.54,-13.1,1998,0,pop,686735,77.1,1
0.412,0.527,0.585,0.508,127.0,4.35,-8.9,2015,0,pop,385914,55.9,0
0.479,0.2,0.557,0.318,130.1,4.04,-8.2,2011,0,rock,273435,47.2,0
0.697,0.619,0.422,0.36,167.0,3.35,-6.7,2013,0,pop,535541,67.7,0
0.412,0.4,0.359,0.395,135.0,4.01,-7.5,1999,0,pop,356743,52.5,0
0.417,0.602,0.478,0.037,87.1,2.26,-2.6,2025,0,urbano,567955,70.3,1
0.464,0.477,0.711,0.506,105.9,4.35,-5.6,1995,0,electronica,291808,48.6,0
0.534,0.488,0.484,0.617,135.0,3.52,-5.8,2008,1,urbano,543214,67.0,0
0.678,0.862,0.691,0.348,151.5,2.54,-6.9,2011,0,pop,584736,70.2,1
0.285,0.234,0.785,0.425,101.9,3.17,-6.4,1998,0,urbano,313222,51.4,0
0.918,0.593,0.846,0.03,176.0,4.33,-8.7,2012,0,urbano,664103,76.4,1
0.612,0.509,0.53,0.717,124.4,2.89,-7.7,2013,0,pop,455288,61.1,0
0.382,0.333,0.254,0.375,130.5,3.83,-2.2,2011,1,urbano,442661,59.8,0
0.897,0.584,0.922,0.149,88.6,4.2,-8.2,2006,0,urbano,718273,78.5,1
0.775,0.475,0.534,0.126,147.9,3.52,-12.0,2023,0,indie,494518,65.8,0
0.836,0.686,0.37,0.189,108.9,2.81,-5.9,2000,0,electronica,783615,82.1,1
0.976,0.604,0.262,0.433,101.4,3.45,-5.4,2018,0,pop,569889,67.8,0
0.766,0.753,0.088,0.174,112.1,2.37,-7.5,2006,0,electronica,603287,72.7,1
0.587,0.592,0.608,0.279,154.6,3.11,-13.6,2007,1,urbano,693723,77.4,1
0.72,0.798,0.366,0.381,131.6,2.61,-4.1,2002,1,electronica,605071,71.6,1
0.794,0.55,0.414,0.298,97.8,3.46,-7.3,2015,0,rock,597834,70.0,1
0.12,0.498,0.405,0.274,106.7,2.48,-8.9,2001,1,rock,184699,38.7,0
0.132,0.659,0.818,0.748,155.2,3.57,-4.4,2006,1,urbano,520472,65.7,0
0.269,0.509,0.698,0.527,114.1,4.41,-14.1,2009,0,rock,42376,17.3,0
0.682,0.456,0.605,0.775,134.0,4.46,-7.7,1995,0,rock,382131,57.6,0
0.411,0.451,0.773,0.05,140.1,2.5,-9.6,2020,0,rock,251573,46.1,0
0.154,0.735,0.481,0.074,60.0,2.97,-3.5,2005,0,urbano,427784,59.8,0
0.403,0.77,0.349,0.446,151.6,4.18,-7.3,2022,0,pop,352506,53.1,0
0.559,0.409,0.268,0.334,98.7,4.06,-10.6,2015,0,urbano,527140,66.3,0
0.702,0.928,0.718,0.697,111.0,3.01,-4.6,2003,0,pop,635351,72.3,1
0.328,0.611,0.577,0.213,158.5,3.11,-15.4,2015,0,pop,294546,50.4,0
0.6,0.883,0.387,0.238,156.2,3.57,-6.5,2008,0,urbano,791537,82.1,1
0.572,0.415,0.829,0.372,132.3,2.03,-11.8,2010,1,urbano,518359,69.1,0
0.907,0.639,0.742,0.284,138.2,3.92,-9.4,2021,0,pop,719882,76.9,1
0.558,0.378,0.603,0.554,144.4,4.37,-8.7,2014,0,pop,263395,45.4,0
0.762,0.802,0.627,0.851,155.8,3.19,-5.3,2025,0,urbano,524214,66.8,0
0.763,0.521,0.437,0.198,158.9,2.36,-1.4,2023,0,indie,589275,73.3,1
0.166,0.547,0.628,0.238,122.7,4.63,-13.3,2021,0,urbano,316221,51.1,0
0.322,0.455,0.441,0.032,101.6,3.68,-6.7,2009,0,electronica,351418,52.9,0
0.792,0.571,0.364,0.119,113.6,4.07,-1.4,2010,0,urbano,740767,79.2,1
0.568,0.746,0.116,0.059,123.2,2.44,-9.7,2022,0,pop,335107,51.0,0
0.529,0.456,0.868,0.375,118.7,2.45,-9.9,2021,0,pop,409123,58.6,0
0.29,0.63,0.274,0.407,94.7,3.83,-7.3,2006,0,urbano,315914,49.3,0
0.841,0.399,0.569,0.05,130.9,4.32,-5.5,2016,0,indie,549001,70.3,1
0.678,0.337,0.181,0.552,80.8,2.6,-6.0,2013,0,urbano,239164,44.5,0
0.275,0.935,0.342,0.372,122.1,3.42,-9.1,1998,0,urbano,503435,66.4,0
0.217,0.449,0.474,0.803,123.7,2.23,-10.4,1998,0,rock,221080,41.7,0
0.808,0.762,0.597,0.23,122.9,2.94,-4.1,1997,1,electronica,514858,67.1,0
0.206,0.363,0.585,0.384,141.3,3.29,-10.3,2002,0,rock,170357,36.2,0
0.639,0.429,0.373,0.262,138.0,3.89,-13.7,2024,0,urbano,508577,64.7,0
0.69,0.811,0.852,0.211,175.6,1.82,-12.4,2004,0,indie,545963,67.7,0
0.826,0.343,0.688,0.948,107.1,4.56,-9.7,2023,0,urbano,222438,42.4,0
0.687,0.461,0.417,0.361,127.0,3.36,-3.5,2008,0,pop,509994,66.6,0
0.49,0.522,0.491,0.03,125.4,4.54,-11.6,2009,0,electronica,338581,52.3,0
0.728,0.658,0.311,0.18,124.2,4.06,-3.4,2002,1,indie,480585,64.0,0
0.599,0.351,0.35,0.649,88.4,4.18,-4.1,2015,0,indie,429170,59.1,0
0.675,0.42,0.875,0.152,90.4,5.12,-7.3,2013,1,urbano,580675,68.5,0
0.725,0.659,0.628,0.465,120.2,2.87,-15.6,2004,0,electronica,486287,64.2,0
0.091,0.387,0.256,0.063,80.6,3.61,-11.6,2019,0,pop,213798,40.6,0
0.563,0.78,0.576,0.159,111.6,2.71,-9.9,2016,0,indie,474801,62.9,0
0.683,0.664,0.399,0.325,103.8,3.42,-2.8,2017,0,electronica,631182,72.6,1
0.564,0.068,0.828,0.548,112.6,4.08,-9.7,2008,1,urbano,434747,61.5,0
0.552,0.592,0.738,0.339,148.3,4.4,-10.3,2015,1,pop,444483,61.6,0
0.554,0.584,0.366,0.366,93.0,3.19,-7.4,2005,0,electronica,389833,57.5,0
0.348,0.926,0.842,0.109,141.7,2.54,-12.2,2025,0,urbano,664237,73.7,1
0.62,0.3,0.763,0.315,105.7,3.56,-8.1,2008,0,indie,182917,38.4,0
0.453,0.378,0.819,0.329,108.8,2.82,-10.4,2003,0,electronica,242922,43.9,0
0.114,0.972,0.364,0.25,131.6,3.04,0.0,2009,1,electronica,577157,70.0,1
0.75,0.533,0.51,0.609,113.1,4.04,-10.8,2024,0,urbano,454456,62.0,0
0.721,0.77,0.724,0.113,97.7,3.89,-2.2,2024,0,rock,1026675,96.9,1
0.575,0.902,0.491,0.049,110.7,4.17,-11.4,2006,0,electronica,621210,74.9,1
0.491,0.364,0.623,0.347,75.6,3.23,-7.2,2022,0,urbano,474409,63.4,0
0.615,0.568,0.38,0.48,129.5,4.31,-6.5,2004,0,pop,558155,69.0,0
0.556,0.71,0.638,0.322,60.0,3.51,-7.6,2001,0,electronica,540704,68.5,0
0.303,0.593,0.613,0.454,142.2,3.27,-7.8,2001,0,pop,346153,53.3,0
0.457,0.767,0.454,0.687,135.4,2.62,-5.4,2003,1,pop,350084,52.1,0
0.283,0.576,0.68,0.18,160.0,1.83,-6.7,2004,1,pop,484814,62.3,0
0.475,0.844,0.262,0.076,174.6,2.25,-8.5,2004,0,urbano,667539,75.5,1
0.417,0.645,0.429,0.528,143.4,3.67,-10.0,2006,1,urbano,382645,56.3,0
0.86,0.511,0.555,0.196,104.3,2.77,-8.5,1995,0,pop,382843,55.8,0
0.489,0.418,0.846,0.316,174.3,2.18,-8.5,2006,0,rock,222520,42.2,0
0.155,0.488,0.721,0.407,90.2,3.16,-8.6,2011,0,indie,329969,51.6,0
0.617,0.546,0.392,0.419,72.4,3.72,-7.8,2007,0,rock,362076,54.5,0
0.764,0.514,0.205,0.877,166.3,3.83,-12.2,2009,0,urbano,519591,66.1,0
0.752,0.667,0.457,0.391,135.0,3.48,-11.1,2001,1,pop,596133,71.9,1
0.372,0.559,0.41,0.063,73.1,3.45,-5.5,1998,0,urbano,373065,55.3,0
0.562,0.566,0.404,0.803,86.1,3.07,-14.8,2022,1,rock,510717,68.0,0
0.173,0.379,0.363,0.621,133.8,4.01,-4.4,2025,0,electronica,163687,35.9,0
0.112,0.617,0.877,0.375,98.3,3.36,-9.7,2007,0,indie,183015,39.5,0
0.638,0.835,0.816,0.457,101.8,3.44,-3.0,2018,1,urbano,910899,88.6,1
0.466,0.611,0.8,0.156,169.2,4.33,-4.3,1999,0,pop,437174,61.4,0
0.911,0.734,0.037,0.477,173.7,4.13,-9.0,2000,0,rock,544373,66.5,0
0.369,0.529,0.542,0.118,123.7,3.35,-8.7,2011,0,indie,329197,52.0,0
0.525,0.712,0.59,0.284,116.2,3.24,-3.2,2016,1,indie,577557,70.0,1
0.589,0.421,0.598,0.172,142.6,3.23,-4.2,2016,0,indie,332338,52.0,0
0.365,0.525,0.744,0.322,106.0,1.88,-5.1,2005,1,pop,258696,46.5,0
0.536,0.054,0.128,0.375,64.2,4.38,-4.6,2022,0,electronica,159174,34.9,0
0.4,0.342,0.774,0.052,60.0,2.95,-11.3,2014,0,pop,320675,50.8,0
0.771,0.758,0.257,0.424,118.2,4.18,-7.4,2004,1,pop,647634,75.0,1
0.542,0.937,0.759,0.076,142.0,3.53,-10.3,2009,0,rock,469091,63.8,0
0.338,0.565,0.617,0.488,120.4,4.61,-11.3,2004,0,pop,159508,35.8,0
0.413,0.465,0.651,0.39,140.2,3.92,-7.5,1999,0,urbano,258886,46.0,0
0.305,0.579,0.746,0.166,142.7,4.23,-9.2,1995,0,pop,370313,56.4,0
0.317,0.511,0.373,0.07,154.7,3.03,-8.5,2009,0,pop,408448,58.8,0
0.516,0.596,0.533,0.451,124.7,2.47,-9.5,1995,0,pop,310419,51.0,0
0.486,0.723,0.271,0.542,126.9,3.62,-11.8,2024,0,rock,289950,48.9,0
0.323,0.702,0.474,0.176,119.1,1.97,-2.9,2022,0,urbano,524586,66.8,0
0.731,0.734,0.324,0.32,113.5,3.13,-7.5,2018,1,rock,623928,72.4,1
0.558,0.93,0.301,0.219,80.7,2.55,-12.3,2018,1,rock,685037,76.6,1
0.451,0.397,0.586,0.915,149.3,2.83,-7.5,2014,0,pop,261791,45.9,0
0.454,0.572,0.611,0.217,110.4,3.98,-3.4,2017,0,electronica,364920,54.8,0
0.353,0.363,0.519,0.323,109.0,3.92,-5.1,2021,0,pop,437312,60.7,0
0.791,0.523,0.187,0.712,106.5,3.37,-9.6,2010,0,electronica,350721,53.3,0
0.923,0.444,0.583,0.173,86.5,3.76,-9.5,2020,0,indie,393779,59.8,0
0.743,0.339,0.102,0.349,117.9,3.07,-10.9,2002,0,indie,320796,51.7,0
0.934,0.665,0.844,0.343,132.9,5.44,-10.2,2022,0,urbano,816186,84.8,1
0.483,0.532,0.438,0.402,102.4,3.74,-10.0,2016,0,electronica,359733,54.5,0
0.725,0.995,0.158,0.224,145.9,3.03,-12.4,1998,0,pop,473012,63.7,0
0.087,0.888,0.083,0.845,110.8,4.2,-9.3,2000,1,indie,259691,45.6,0
0.651,0.425,0.092,0.428,81.7,4.49,-7.0,1999,0,pop,351159,53.3,0
0.541,0.645,0.696,0.225,154.3,2.88,-9.2,2002,0,rock,415407,60.2,0
0.139,0.494,0.112,0.109,125.0,2.37,-7.3,2019,0,urbano,231042,43.1,0
0.472,0.236,0.285,0.491,141.6,2.52,-3.1,2020,0,electronica,338947,54.0,0
0.907,0.417,0.828,0.36,142.2,2.96,-2.5,2025,0,electronica,544472,67.4,0
0.321,0.494,0.49,0.352,96.3,3.46,-8.2,1998,0,urbano,216436,42.1,0
0.773,0.93,0.614,0.487,107.0,2.2,-5.4,2012,0,pop,928708,91.1,1
0.314,0.527,0.151,0.332,145.9,3.17,-8.5,2020,0,electronica,191896,40.3,0
0.799,0.633,0.448,0.276,165.9,3.33,-9.5,2024,0,indie,601946,71.7,1
0.608,0.508,0.286,0.19,121.6,3.76,-11.4,1998,0,pop,515450,67.2,0
0.358,0.922,0.235,0.613,104.3,3.99,-7.7,2015,0,electronica,357329,55.7,0
0.873,0.255,0.693,0.451,162.1,3.82,-4.7,1997,0,urbano,423154,59.3,0
0.283,0.636,0.267,0.114,104.3,4.93,-11.8,1997,0,urbano,324089,50.9,0
0.541,0.664,0.19,0.419,128.2,4.38,-8.9,2020,1,pop,640262,73.5,1
0.722,0.604,0.064,0.314,109.3,3.68,-9.0,2023,0,rock,430673,61.4,0
0.178,0.353,0.596,0.401,126.7,2.72,-7.3,2000,0,pop,160645,35.8,0
0.113,0.814,0.735,0.278,96.4,2.96,-7.2,2021,0,electronica,413117,58.1,0
0.587,0.398,0.583,0.083,110.6,2.36,-6.4,2023,1,pop,417740,59.2,0
0.495,0.424,0.834,0.196,104.3,3.62,-2.3,2011,0,rock,326248,51.6,0
0.365,0.707,0.837,0.311,136.6,3.77,-10.6,2000,0,pop,391691,57.5,0
0.45,0.624,0.828,0.218,124.1,4.21,-10.8,2018,0,rock,393607,57.6,0
0.136,0.712,0.632,0.408,142.0,3.71,-7.3,2012,0,pop,225001,43.1,0
0.291,0.598,0.463,0.256,99.4,4.34,-3.6,2005,0,urbano,398891,57.1,0
0.348,0.144,0.326,0.327,114.8,4.36,-12.4,2021,0,urbano,249921,44.6,0
0.518,0.374,0.856,0.394,135.6,2.68,-7.0,2014,0,rock,317741,51.6,0
0.475,0.296,0.588,0.153,141.5,3.09,-8.6,2003,0,rock,130170,31.6,0
0.583,0.855,0.543,0.141,83.9,3.49,-5.4,2007,0,pop,628342,74.9,1
0.671,0.068,0.533,0.206,127.9,2.94,-6.1,2004,0,pop,544530,68.1,0
0.83,0.644,0.681,0.112,99.7,3.31,-7.9,2011,1,pop,846157,87.5,1
0.284,0.12,0.551,0.462,142.7,3.74,-6.5,2003,0,pop,181679,38.8,0
0.596,0.376,0.87,0.607,166.5,3.4,-10.0,2014,0,pop,356152,55.5,0
0.761,0.286,0.397,0.11,60.0,3.5,-5.6,2008,0,pop,541172,68.4,0
0.894,0.667,0.375,0.657,103.6,2.75,-3.8,1996,0,urbano,626398,72.4,1
0.181,0.54,0.391,0.511,126.6,3.91,-7.7,1995,0,pop,263412,46.4,0
0.436,0.854,0.528,0.329,119.9,3.85,-9.2,1997,0,urbano,365853,55.6,0
0.679,0.4,0.585,0.153,143.5,2.89,-8.4,1999,1,electronica,511557,65.9,0
0.73,0.527,0.489,0.28,122.0,2.47,-5.6,1997,0,electronica,381799,58.2,0
0.945,0.328,0.315,0.348,106.8,4.48,-8.1,2015,0,rock,448889,60.8,0
0.717,0.897,0.677,0.117,94.5,4.9,-11.6,2013,0,pop,392102,59.2,0
0.538,0.748,0.403,0.425,90.3,3.69,-5.1,1995,1,urbano,510713,66.4,0
0.762,0.856,0.768,0.098,101.4,3.21,-10.9,2007,0,pop,824609,84.6,1
0.163,0.476,0.052,0.42,105.9,4.34,-6.7,2004,0,rock,164345,35.9,0
0.803,0.596,0.383,0.739,129.6,3.88,-13.6,2010,0,indie,314703,50.7,0
0.713,0.868,0.778,0.31,116.1,3.33,-7.7,2013,0,rock,389753,57.0,0
0.269,0.945,0.37,0.185,103.7,4.27,-8.2,2010,0,indie,392956,55.9,0
0.511,0.75,0.326,0.558,94.8,2.85,-13.9,2007,0,pop,568528,67.3,0
0.901,0.989,0.296,0.624,102.4,2.95,-7.0,1996,0,pop,565923,69.3,0
0.504,0.793,0.702,0.413,105.9,3.79,-11.3,2019,0,pop,473511,63.2,0
0.499,0.45,0.14,0.262,101.3,3.59,-7.7,2019,1,pop,520658,66.5,0
0.718,0.456,0.301,0.156,136.8,4.01,-9.2,2021,0,pop,578597,70.8,1
0.474,0.305,0.829,0.453,154.2,4.45,-12.4,2016,1,indie,366313,54.8,0
0.452,0.565,0.207,0.239,90.6,2.26,-11.1,2005,0,urbano,454123,60.5,0
0.935,0.547,0.835,0.219,148.0,3.53,-10.9,2016,0,indie,381798,58.6,0
0.305,0.525,0.881,0.46,137.3,5.02,-5.1,2022,0,electronica,253095,45.5,0
0.754,0.572,0.736,0.661,124.5,3.02,-5.5,1996,1,electronica,648011,72.7,1
0.626,0.6,0.44,0.564,158.2,2.93,-1.4,2010,0,indie,363966,54.6,0
0.393,0.601,0.403,0.381,115.7,1.71,-9.5,2015,0,pop,336816,52.4,0
0.448,0.367,0.789,0.614,130.0,3.58,-9.6,2025,0,electronica,290039,50.0,0
0.627,0.784,0.497,0.445,123.1,3.96,-7.6,2010,1,rock,490895,63.6,0
0.71,0.177,0.577,0.343,121.2,3.96,-9.1,2022,0,rock,317248,50.3,0
0.648,0.945,0.125,0.132,131.5,2.67,-9.7,2018,0,rock,407204,58.1,0
0.478,0.623,0.898,0.11,121.2,3.49,-7.8,2019,0,indie,365067,55.6,0
0.469,0.379,0.453,0.626,131.7,3.68,-5.9,1998,1,indie,239796,43.8,0
0.635,0.387,0.331,0.047,103.3,3.54,-14.3,2010,1,pop,460376,63.2,0
0.184,0.359,0.568,0.322,104.0,2.62,-9.7,2018,0,pop,275122,48.3,0
0.613,0.661,0.93,0.257,103.1,3.56,-12.2,1998,0,pop,520693,65.5,0
0.212,0.518,0.45,0.282,110.9,2.85,-8.5,2024,0,electronica,447489,60.2,0
0.353,0.658,0.704,0.239,145.3,2.0,-6.7,2016,0,pop,536768,68.2,0
0.865,0.21,0.146,0.45,108.4,4.05,-4.6,2021,0,rock,291625,49.8,0
0.356,0.706,0.114,0.707,136.3,3.61,-9.3,2014,1,urbano,385272,57.4,0
0.496,0.826,0.7,0.832,126.6,3.97,-7.7,2022,0,indie,477760,63.2,0
0.318,0.783,0.327,0.27,109.0,3.07,-13.0,2022,0,electronica,288306,49.5,0
0.384,0.832,0.441,0.245,152.7,4.0,-10.6,1997,0,urbano,376428,54.8,0
0.893,0.354,0.857,0.135,138.4,4.32,-7.4,2024,0,urbano,859611,87.0,1
0.537,0.378,0.346,0.294,120.0,4.9,-12.1,2011,0,electronica,299539,49.3,0
0.329,0.829,0.641,0.242,118.0,4.15,-4.3,2010,0,pop,598150,72.2,1
0.633,0.809,0.334,0.237,122.3,3.81,-6.4,2002,0,urbano,638929,73.2,1
0.772,0.095,0.472,0.477,81.8,2.4,-10.7,2007,0,indie,200285,39.7,0
0.253,0.629,0.109,0.298,99.4,3.41,-12.4,2011,0,rock,112427,30.4,0
0.573,0.897,0.732,0.112,131.6,2.36,-10.2,2011,0,indie,502396,65.8,0
0.84,0.737,0.729,0.532,80.4,2.84,-10.7,2016,0,urbano,850624,86.1,1
0.559,0.643,0.724,0.155,101.3,5.06,-11.7,2016,0,rock,485952,64.5,0
0.198,0.647,0.113,0.289,110.2,2.68,-12.2,2018,0,indie,254622,44.9,0
0.312,0.685,0.674,0.484,192.6,1.63,-8.7,2012,0,electronica,336297,53.2,0
0.68,0.693,0.649,0.506,136.8,4.15,-5.8,2025,0,indie,732552,78.5,1
0.129,0.219,0.204,0.214,147.4,2.96,-10.1,2022,0,electronica,67151,22.4,0
0.926,0.511,0.583,0.349,99.9,4.11,-6.7,2024,0,pop,690668,77.1,1
0.811,0.534,0.694,0.067,129.1,2.56,-9.0,2017,1,pop,648925,73.6,1
0.702,0.697,0.038,0.303,76.0,3.16,-6.2,2002,0,electronica,597968,73.1,1
0.37,0.885,0.449,0.545,111.7,4.46,-10.4,2024,0,indie,250744,45.2,0
0.534,0.445,0.495,0.188,132.6,2.44,-7.2,2023,0,electronica,496642,65.5,0
0.622,0.778,0.23,0.36,84.6,3.36,-7.6,2004,0,urbano,479124,63.6,0
0.441,0.645,0.106,0.021,129.8,3.73,-3.9,2022,0,rock,432369,60.6,0
0.844,0.461,0.626,0.335,131.9,2.92,-6.3,2011,0,rock,490196,64.2,0
0.438,0.61,0.16,0.344,104.9,3.69,-7.2,2017,0,urbano,400921,57.8,0
0.6,0.791,0.537,0.426,99.1,3.51,-12.4,2005,0,rock,448650,61.2,0
0.466,0.585,0.907,0.385,102.1,3.93,-9.6,2002,1,indie,481799,63.5,0
0.372,0.664,0.11,0.337,111.3,4.97,-10.4,2007,1,urbano,332323,51.9,0
0.749,0.807,0.663,0.796,112.1,5.64,-10.5,2000,0,pop,434245,61.5,0
0.621,0.405,0.441,0.595,132.7,3.87,-8.0,1999,0,urbano,470716,62.4,0
0.327,0.597,0.307,0.446,106.6,3.41,-7.3,2008,0,pop,264860,47.6,0
0.602,0.709,0.615,0.667,160.1,3.85,-7.2,2024,1,rock,677017,79.6,1
0.905,0.215,0.311,0.235,159.9,3.31,-4.2,1996,1,indie,533058,65.1,0
0.408,0.298,0.695,0.314,125.9,2.23,-6.5,2005,1,rock,251469,45.9,0
0.691,0.708,0.763,0.261,111.4,3.46,-11.7,2003,0,electronica,606650,72.4,1
0.507,0.336,0.839,0.267,106.7,4.37,-7.4,2001,1,rock,439705,62.5,0
0.732,0.796,0.687,0.524,127.9,2.33,-6.2,1997,0,urbano,668445,76.2,1
0.624,0.749,0.615,0.254,132.3,2.71,-4.2,2000,0,urbano,649898,74.3,1
0.565,0.244,0.436,0.369,115.0,3.03,-8.5,2011,0,urbano,103254,28.2,0
0.41,0.196,0.364,0.444,110.2,3.8,-8.4,2008,0,urbano,169906,37.5,0
0.503,0.792,0.327,0.595,128.8,5.4,-4.8,2014,1,pop,471478,63.4,0
0.959,0.199,0.392,0.232,121.7,2.85,-7.5,2021,0,rock,361172,54.4,0
0.226,0.864,0.577,0.186,105.7,3.57,-12.8,1998,1,pop,511963,65.5,0
0.817,0.59,0.201,0.142,122.8,3.5,-13.4,2005,0,pop,625353,72.9,1
0.594,0.477,0.534,0.668,104.9,3.26,-2.5,2022,0,urbano,478617,62.7,0
0.599,0.28,0.486,0.271,101.2,3.46,-13.1,2002,1,indie,156539,35.3,0
0.364,0.406,0.234,0.24,119.9,3.13,-8.5,1998,0,urbano,238233,43.0,0
0.336,0.238,0.351,0.422,105.6,5.69,-5.4,2002,0,electronica,130731,32.2,0
0.445,0.709,0.323,0.145,101.7,4.1,-13.3,2007,0,urbano,568249,68.7,0
0.353,0.954,0.521,0.716,146.1,3.14,-11.2,2002,1,pop,268775,46.3,0
0.383,0.432,0.723,0.27,110.2,4.45,-11.7,2010,1,pop,371602,57.0,0
0.765,0.335,0.53,0.552,166.1,3.71,-2.6,2001,1,pop,375987,55.5,0
0.246,0.323,0.515,0.247,135.7,3.55,-1.9,2013,0,urbano,328704,52.6,0
0.84,0.331,0.569,0.529,99.5,3.35,-10.2,2021,1,urbano,565609,70.4,1
0.349,0.333,0.137,0.296,149.0,3.3,-6.3,2004,0,rock,376451,56.3,0
0.188,0.524,0.691,0.326,102.1,2.52,-7.1,2011,0,pop,258835,45.8,0
0.184,0.307,0.192,0.506,169.3,2.16,-8.8,2017,0,pop,208476,42.0,0
0.213,0.847,0.116,0.354,125.7,3.8,-12.9,1997,1,pop,429273,59.9,0
0.224,0.592,0.487,0.296,133.6,3.35,-1.1,2005,0,electronica,300036,49.8,0
0.632,0.262,0.851,0.453,120.8,4.2,-13.4,2014,1,urbano,489960,63.2,0
0.975,0.782,0.412,0.211,126.6,2.79,-7.4,2002,0,rock,636964,74.5,1
0.466,0.484,0.412,0.509,114.3,2.62,-9.9,2007,0,rock,193831,38.7,0
0.555,0.666,0.673,0.382,96.9,4.12,-5.0,2009,0,pop,427077,59.4,0
0.61,0.307,0.408,0.167,128.5,3.26,-5.5,2024,0,pop,413669,58.8,0
0.366,0.366,0.294,0.335,145.6,4.18,-10.9,1998,0,rock,101531,27.5,0
0.538,0.776,0.219,0.162,90.2,3.53,-10.4,2014,0,indie,348588,52.1,0
0.484,0.589,0.609,0.281,158.5,5.0,-12.7,2024,1,indie,307006,50.4,0
0.604,0.205,0.801,0.313,135.0,4.1,-7.4,2023,0,urbano,452019,62.3,0
0.524,0.671,0.927,0.024,109.1,3.83,-5.9,2012,1,pop,798222,82.5,1
0.88,0.51,0.711,0.361,108.6,4.14,-9.3,2007,0,urbano,569225,71.1,1
0.368,0.844,0.241,0.195,166.6,3.28,-8.7,1999,1,pop,396948,58.7,0
0.601,0.728,0.529,0.196,143.5,2.19,-2.3,2003,1,indie,575587,68.5,0
0.439,0.723,0.344,0.413,148.5,3.79,-5.2,2019,0,pop,545980,67.4,0
0.666,0.404,0.811,0.13,113.7,5.05,-4.0,1995,0,pop,379144,56.9,0
0.752,0.791,0.491,0.192,133.9,1.67,-14.7,2017,1,pop,564938,65.9,0
0.976,0.166,0.429,0.646,128.7,3.88,-6.4,2023,1,electronica,439348,62.0,0
0.087,0.807,0.69,0.086,115.6,2.27,-7.2,2008,1,urbano,460839,61.6,0
0.304,0.287,0.54,0.302,122.7,3.48,-11.8,2020,0,pop,356109,55.0,0
0.132,0.68,0.86,0.195,147.8,3.56,-11.1,2025,1,urbano,608364,70.0,1
0.457,0.323,0.499,0.386,160.0,4.1,-8.7,2018,0,pop,309826,50.9,0
0.073,0.862,0.838,0.167,113.7,3.67,-12.0,2010,0,pop,589001,71.1,1
0.269,0.78,0.552,0.213,87.2,4.6,-10.4,2012,0,indie,243978,45.8,0
0.642,0.915,0.533,0.181,161.1,4.43,-9.4,2001,0,rock,710556,75.6,1
0.264,0.85,0.945,0.581,161.4,3.34,-6.3,1999,0,rock,464811,63.1,0
0.467,0.222,0.148,0.373,130.0,4.38,-10.1,2019,0,urbano,349830,53.4,0
0.159,0.604,0.235,0.121,164.8,3.25,-9.3,2011,0,urbano,337550,52.8,0
0.834,0.567,0.399,0.624,128.2,3.11,-4.9,2023,0,electronica,532360,67.7,0
0.324,0.866,0.593,0.039,97.3,2.54,-13.3,2018,0,pop,456329,64.1,0
0.372,0.6,0.545,0.034,87.2,4.55,-7.3,2003,0,rock,388961,57.1,0
0.59,0.583,0.087,0.331,87.0,3.26,-6.8,2024,0,rock,297267,49.6,0
0.144,0.345,0.385,0.219,120.1,1.56,-6.7,1995,1,urbano,191623,39.0,0
0.105,0.873,0.535,0.347,108.3,3.93,-9.5,1997,0,pop,503468,63.0,0
0.46,0.081,0.676,0.89,105.5,3.15,-11.2,2013,0,electronica,207890,40.5,0
0.437,0.601,0.711,0.297,117.3,3.26,-3.4,2013,1,indie,563204,68.2,0
0.492,0.32,0.287,0.613,141.4,3.31,-10.6,2017,1,pop,224408,42.8,0
0.745,0.549,0.141,0.351,106.3,3.23,-11.4,2015,0,pop,399375,58.9,0
0.959,0.347,0.653,0.272,102.1,5.68,-7.9,2003,0,rock,364181,55.2,0
0.751,0.285,0.367,0.289,108.0,4.83,-10.2,1999,0,electronica,279839,48.4,0
0.814,0.458,0.602,0.311,143.0,4.06,-4.8,2024,0,urbano,498752,64.9,0
0.924,0.674,0.135,0.874,118.2,3.69,-8.8,2005,1,indie,502286,65.6,0
0.731,0.653,0.909,0.584,127.0,4.4,-4.5,2000,1,electronica,695077,79.3,1
0.832,0.53,0.165,0.011,158.8,3.69,-6.7,1997,0,pop,543426,66.5,0
0.366,0.461,0.34,0.278,191.1,4.15,-9.2,2019,0,pop,384809,56.7,0
0.199,0.761,0.656,0.285,136.0,3.95,-4.7,2021,1,pop,748225,80.7,1
0.737,0.494,0.722,0.525,133.5,3.6,-10.0,2022,1,electronica,731035,80.7,1
0.724,0.793,0.458,0.243,90.4,4.25,-9.0,2021,0,rock,504025,65.7,0
0.746,0.417,0.401,0.415,129.2,3.16,-6.4,2000,0,indie,228585,43.6,0
0.695,0.74,0.558,0.283,121.5,3.55,-7.3,1995,0,rock,490427,65.5,0
0.937,0.359,0.393,0.498,142.3,2.72,-10.0,2010,0,electronica,718775,78.4,1
0.296,0.832,0.501,0.107,110.2,2.81,-12.6,2010,0,pop,567114,69.9,0
0.478,0.711,0.293,0.615,125.0,1.5,-8.1,1995,0,pop,270028,46.4,0
0.72,0.744,0.719,0.176,135.1,3.87,-10.2,2022,0,indie,730042,79.7,1
0.759,0.335,0.25,0.051,167.5,4.09,-7.9,2014,0,urbano,638199,73.7,1
0.077,0.386,0.604,0.275,159.1,4.37,-9.3,2016,0,indie,41062,17.4,0
0.741,0.378,0.226,0.448,151.7,2.62,-10.2,2011,0,urbano,523201,66.1,0
0.489,0.248,0.915,0.153,138.2,3.85,-8.8,2025,0,rock,356862,55.1,0
0.692,0.313,0.448,0.294,109.2,3.5,-8.2,2019,0,rock,295050,48.5,0
0.529,0.542,0.619,0.049,138.2,4.09,-5.9,2012,1,pop,584164,71.8,1
0.714,0.447,0.149,0.355,100.7,2.98,-6.7,2010,0,urbano,501603,65.0,0
0.328,0.459,0.19,0.046,114.8,3.23,-1.7,2020,0,indie,207889,41.7,0
0.488,0.394,0.701,0.015,164.5,2.26,-7.6,2005,0,urbano,426021,59.8,0
0.606,0.479,0.293,0.057,133.4,2.93,-10.0,2021,0,urbano,479038,62.6,0
0.372,0.625,0.78,0.041,125.7,3.5,-8.5,1999,0,rock,465643,62.0,0
0.548,0.355,0.351,0.369,128.9,3.64,-6.3,1996,0,electronica,273668,46.5,0
0.661,0.575,0.235,0.348,117.7,2.15,-5.0,1996,1,electronica,279048,48.0,0
0.224,0.266,0.775,0.043,66.1,3.09,-4.0,2006,0,urbano,312721,50.0,0
0.337,0.353,0.701,0.517,88.4,3.63,-11.1,2011,1,urbano,267142,47.2,0
0.662,0.703,0.599,0.119,135.4,4.63,-4.2,2022,0,urbano,504282,65.7,0
0.678,0.467,0.644,0.064,97.0,2.82,-8.1,2023,0,indie,583689,70.3,1
0.136,0.2,0.324,0.773,117.3,3.89,-10.8,1995,1,indie,97496,27.1,0
0.461,0.809,0.241,0.079,89.3,3.05,-8.6,2018,0,rock,333201,52.9,0
0.179,0.759,0.314,0.275,102.0,3.14,-4.4,2001,0,pop,235368,43.2,0
0.633,0.75,0.399,0.254,119.9,2.8,-6.6,2007,1,indie,494180,64.3,0
0.153,0.856,0.803,0.458,143.1,2.66,-11.6,2021,0,pop,267807,46.5,0
0.425,0.865,0.438,0.254,148.1,3.12,-11.6,2025,0,pop,476929,64.2,0
0.282,0.833,0.6,0.185,101.6,4.34,-11.7,2019,1,urbano,536533,67.8,0
0.27,0.534,0.659,0.782,127.7,2.9,-10.2,2000,0,rock,195773,39.7,0
0.495,0.681,0.173,0.085,84.4,2.77,-7.8,1996,1,pop,539102,67.2,0
0.491,0.383,0.477,0.258,121.4,3.67,-11.4,2025,0,urbano,321177,52.1,0
0.168,0.677,0.091,0.543,143.8,3.5,-9.3,2002,0,electronica,180808,38.8,0
0.622,0.666,0.521,0.379,118.3,3.45,-3.8,2002,0,rock,548332,70.5,1
0.458,0.149,0.552,0.067,152.9,3.7,-3.1,2011,0,pop,190329,38.6,0
0.312,0.289,0.44,0.337,140.9,2.69,-3.3,2000,1,pop,353471,53.3,0
0.788,0.166,0.122,0.497,126.0,2.78,-13.4,2015,0,rock,143909,34.8,0
0.402,0.304,0.407,0.207,113.8,4.29,-3.0,2021,0,pop,478881,63.4,0
0.7,0.68,0.605,0.072,106.6,3.38,-7.7,2005,0,pop,731415,79.8,1
0.384,0.765,0.28,0.511,83.6,3.98,-7.8,2009,0,indie,336326,51.7,0
0.162,0.646,0.045,0.098,87.6,4.48,-4.9,2022,0,rock,167165,36.6,0
0.596,0.356,0.602,0.525,144.9,4.18,-5.9,2022,0,urbano,461234,61.7,0
0.415,0.604,0.686,0.589,157.8,2.4,-13.6,1997,0,rock,257492,46.1,0
0.356,0.159,0.231,0.125,93.0,3.41,-9.8,2018,0,rock,55292,20.6,0
0.276,0.597,0.776,0.03,121.7,4.33,-9.1,1995,1,urbano,488920,63.4,0
0.724,0.6,0.384,0.599,80.6,3.92,-12.0,1999,0,rock,399144,56.7,0
0.333,0.793,0.805,0.431,95.6,3.65,-5.0,2014,1,rock,329588,53.2,0
0.609,0.183,0.707,0.883,126.5,2.19,-3.7,1998,0,pop,318519,50.3,0
0.711,0.722,0.711,0.461,107.0,3.01,-8.0,2000,0,urbano,598706,72.5,1
0.604,0.503,0.423,0.057,72.1,3.56,-7.1,2008,0,urbano,642907,76.9,1
0.971,0.761,0.526,0.705,163.0,2.36,-8.0,2007,0,electronica,535355,67.3,0
0.482,0.497,0.697,0.187,118.8,4.13,-7.7,2012,1,electronica,502715,64.6,0
0.267,0.783,0.431,0.244,92.4,3.41,-4.6,2023,0,electronica,432242,61.6,0
0.718,0.177,0.31,0.272,123.2,1.92,-13.3,2008,0,urbano,102526,29.1,0
0.603,0.676,0.702,0.727,118.0,3.05,-6.5,2004,0,rock,345815,53.9,0
0.205,0.518,0.688,0.004,130.5,3.27,-8.0,2001,0,rock,280730,48.4,0
0.544,0.67,0.109,0.332,111.5,3.4,-10.1,2022,0,urbano,255183,44.6,0
0.533,0.966,0.567,0.395,127.9,4.64,-9.5,2001,0,indie,442795,60.9,0
0.631,0.617,0.716,0.552,143.6,3.96,-2.5,1995,1,urbano,631862,72.6,1
0.6,0.613,0.539,0.343,87.0,2.41,-12.0,2010,0,urbano,480810,63.4,0
0.302,0.805,0.43,0.059,102.7,2.31,-8.5,2017,0,electronica,502320,63.5,0
0.304,0.611,0.59,0.449,141.0,3.29,-3.1,1995,1,electronica,332150,53.1,0
0.726,0.38,0.286,0.16,106.2,3.6,-11.8,2014,0,urbano,473684,63.2,0
0.163,0.381,0.915,0.014,118.0,4.29,-9.4,2008,0,urbano,386157,58.1,0
0.982,0.917,0.833,0.242,108.2,4.88,-7.9,2019,0,rock,781598,81.1,1
0.384,0.541,0.096,0.579,109.8,4.93,-6.8,1996,0,urbano,100348,27.4,0
0.286,0.416,0.777,0.117,107.7,3.15,-8.2,2022,0,rock,327994,51.3,0
0.771,0.827,0.122,0.632,88.5,4.25,-10.7,2022,0,electronica,473162,63.2,0
0.69,0.934,0.579,0.671,131.5,3.84,-6.7,2016,0,pop,709097,79.9,1
0.491,0.438,0.24,0.6,146.6,2.63,-8.3,2014,0,rock,201477,40.3,0
0.559,0.704,0.864,0.507,115.6,1.99,-6.1,2016,0,pop,399220,58.3,0
0.521,0.832,0.674,0.677,143.7,3.62,-5.2,1999,0,electronica,358298,53.7,0
0.272,0.326,0.17,0.606,107.7,2.3,-12.5,2022,0,pop,259607,46.3,0
0.916,0.5,0.509,0.291,106.2,2.82,-4.9,2018,0,urbano,728124,79.7,1
0.777,0.399,0.25,0.743,130.3,2.95,-8.8,2018,0,pop,571249,67.3,0
0.719,0.342,0.409,0.591,130.7,3.68,-5.5,2010,0,urbano,610096,71.2,1
0.787,0.902,0.802,0.818,117.2,4.52,-6.5,1999,0,rock,430436,59.0,0
0.435,0.03,0.236,0.288,136.9,3.51,-2.4,2010,0,urbano,195186,39.9,0
0.118,0.889,0.662,0.463,87.8,3.07,-8.0,2011,1,urbano,441721,61.9,0
0.173,0.811,0.402,0.29,112.4,1.85,-9.2,2002,0,indie,239055,43.3,0
0.553,0.229,0.377,0.18,144.1,3.87,-9.5,2023,0,pop,246392,43.7,0
0.173,0.582,0.27,0.389,144.1,3.52,-11.1,2007,0,urbano,276325,48.5,0
0.659,0.388,0.541,0.269,140.9,3.06,-5.6,2024,1,urbano,667182,76.2,1
0.242,0.697,0.092,0.024,145.5,4.43,-11.3,2022,0,electronica,192845,39.9,0
0.556,0.918,0.493,0.365,110.7,2.55,-5.6,1997,0,pop,433787,59.8,0
0.463,0.442,0.148,0.13,77.4,2.95,-8.7,1999,0,urbano,397903,56.6,0
0.316,0.707,0.643,0.324,113.5,3.3,-13.3,2007,1,electronica,627395,73.6,1
0.614,0.581,0.269,0.362,135.9,3.05,-3.5,2014,0,urbano,476761,63.7,0
0.836,0.441,0.291,0.382,140.0,3.94,-18.1,1998,1,electronica,420007,61.1,0
0.904,0.409,0.252,0.146,106.8,3.87,-8.2,2001,0,pop,445024,62.0,0
0.306,0.714,0.501,0.237,95.8,4.34,-7.3,2021,1,pop,533369,65.6,0
0.535,0.852,0.621,0.643,98.3,3.9,-14.9,2008,0,rock,306497,49.8,0
0.511,0.246,0.84,0.27,106.4,3.41,-6.7,2012,0,pop,386743,55.9,0
0.778,0.722,0.305,0.46,72.6,3.23,-10.0,2011,0,urbano,892563,88.6,1
0.234,0.294,0.169,0.104,106.8,3.86,-8.7,2025,0,pop,250208,45.3,0
0.703,0.541,0.43,0.272,121.2,3.35,-4.0,1998,0,urbano,381488,56.3,0
0.346,0.39,0.491,0.451,117.6,3.54,-7.6,2011,0,indie,244154,44.3,0
0.555,0.97,0.598,0.054,111.7,3.91,-9.1,1997,0,indie,649206,72.9,1
0.576,0.463,0.221,0.223,102.8,3.61,-8.5,1996,0,urbano,447424,61.9,0
0.439,0.746,0.204,0.122,105.7,3.75,-2.7,2010,0,pop,468715,62.9,0
0.453,0.906,0.897,0.274,106.1,2.87,-6.8,2023,0,indie,410904,59.3,0
0.324,0.879,0.662,0.457,137.6,4.58,-10.7,2007,0,rock,223064,43.8,0
0.729,0.864,0.6,0.202,120.0,2.61,-9.5,2017,1,rock,689655,75.8,1
0.231,0.762,0.405,0.446,199.2,3.85,-11.6,2023,0,electronica,283967,46.9,0
0.121,0.676,0.327,0.1,111.7,3.11,-9.4,1995,0,urbano,257044,45.2,0
0.747,0.679,0.522,0.397,130.9,4.37,-3.2,2016,0,urbano,798970,82.8,1
0.7,0.693,0.551,0.473,112.2,4.21,-8.5,2022,0,electronica,651722,72.5,1
0.354,0.398,0.058,0.187,111.6,3.5,-12.0,2022,0,urbano,415764,58.5,0
0.483,0.138,0.358,0.057,159.1,4.74,-6.7,2017,0,electronica,191594,38.7,0
0.555,0.852,0.619,0.08,144.9,3.35,-9.2,2023,0,indie,429379,59.8,0
0.389,0.581,0.748,0.193,76.1,4.21,-6.3,2013,0,urbano,484917,63.6,0
0.67,0.79,0.666,0.554,94.4,2.92,-8.7,1995,0,indie,440872,60.9,0
0.402,0.731,0.7,0.236,116.6,3.82,-3.7,2025,0,urbano,615604,71.5,1
0.332,0.463,0.73,0.265,107.1,2.75,-10.7,2022,1,indie,343283,54.2,0
0.532,0.701,0.136,0.159,82.3,3.52,-11.5,2000,0,urbano,624276,72.5,1
0.331,0.207,0.629,0.667,122.9,3.46,-5.2,2024,0,pop,231654,43.9,0
0.03,0.777,0.205,0.559,73.0,4.2,-14.0,2015,0,rock,187130,38.4,0
0.643,0.715,0.584,0.816,123.2,2.96,-8.5,2009,0,indie,418002,56.9,0
0.694,0.623,0.219,0.381,138.2,5.96,-5.6,2020,1,electronica,367330,54.6,0
0.623,0.478,0.619,0.279,141.8,2.39,-14.6,2014,1,electronica,554365,67.3,0
0.325,0.56,0.463,0.158,116.4,3.69,-7.8,2019,0,indie,227550,42.3,0
0.466,0.285,0.793,0.697,157.8,3.73,-12.5,2005,1,rock,170173,38.2,0
0.207,0.845,0.489,0.051,128.3,3.93,-13.5,2007,0,indie,311223,50.7,0
0.43,0.985,0.701,0.654,141.1,3.09,-11.2,1998,0,pop,307254,49.9,0
0.405,0.605,0.918,0.223,101.6,3.69,-8.6,2022,0,pop,534352,69.5,0
0.708,0.569,0.61,0.365,158.0,3.05,-10.1,2003,0,pop,383161,56.7,0
0.078,0.736,0.351,0.265,119.9,5.0,-4.7,1999,0,indie,247461,44.9,0
0.808,0.787,0.231,0.333,159.4,2.99,-7.8,1997,0,pop,517225,67.4,0
0.576,0.166,0.306,0.585,154.0,3.38,-9.5,2006,0,urbano,384212,57.4,0
0.434,0.545,0.87,0.008,126.4,2.97,-11.9,2010,0,pop,476695,62.0,0
0.692,0.715,0.235,0.273,130.1,2.86,-7.3,2020,1,pop,562420,73.1,1
0.706,0.336,0.338,0.09,115.5,2.38,-1.8,2015,0,rock,508018,65.2,0
0.426,0.493,0.731,0.095,99.5,4.04,-10.1,2019,0,pop,487381,62.9,0
0.772,0.448,0.303,0.439,134.9,2.96,-9.8,1995,1,indie,354419,54.2,0
0.494,0.493,0.433,0.237,133.6,2.86,-11.2,1995,0,indie,220765,41.3,0
0.483,0.343,0.377,0.044,79.5,2.73,-4.4,2002,0,rock,264954,46.8,0
0.896,0.283,0.878,0.088,117.9,3.74,-5.2,2006,1,urbano,1092734,99.4,1
0.85,0.594,0.857,0.299,141.7,3.52,-9.3,1997,0,indie,332566,52.4,0
0.892,0.67,0.614,0.051,156.6,3.52,-9.8,2021,0,urbano,650006,75.0,1
0.275,0.671,0.286,0.533,138.1,2.89,-10.8,2024,1,pop,483844,64.4,0
0.711,0.325,0.796,0.841,82.1,3.85,-8.9,2010,0,urbano,515883,66.2,0
0.662,0.572,0.107,0.116,93.6,2.97,-4.9,2019,0,urbano,445826,61.9,0
0.455,0.499,0.202,0.135,111.4,3.56,-7.9,2000,1,rock,196058,40.2,0
0.374,0.713,0.541,0.25,155.0,3.39,-4.1,1995,0,urbano,586731,71.9,1
0.214,0.453,0.255,0.088,104.8,2.15,-10.2,2022,0,electronica,154774,34.8,0
0.56,0.605,0.776,0.088,146.5,5.12,-14.9,2020,1,rock,366280,56.0,0
0.628,0.498,0.1,0.066,104.4,3.96,-0.2,2018,1,pop,590816,72.3,1
0.538,0.799,0.203,0.109,133.3,3.64,-7.4,2020,1,urbano,529984,68.1,0
0.508,0.774,0.634,0.584,96.5,3.77,-5.7,2017,0,rock,526396,66.5,0
0.386,0.735,0.373,0.363,115.2,5.14,-10.4,2019,1,pop,395599,56.8,0
0.354,0.597,0.163,0.543,91.7,4.41,-12.1,2024,0,pop,198880,39.5,0
0.384,0.16,0.454,0.276,156.1,3.78,-7.5,2022,0,rock,159771,35.5,0
0.431,0.525,0.262,0.293,102.6,2.93,-14.0,2022,0,urbano,498713,64.3,0
0.558,0.827,0.797,0.233,81.3,3.06,-8.8,2009,0,pop,585177,70.6,1
0.76,0.409,0.689,0.275,79.3,2.06,-4.9,2020,0,urbano,654767,74.3,1
0.43,0.78,0.362,0.298,117.9,3.21,-6.7,2002,1,rock,442938,60.5,0
0.765,0.425,0.502,0.543,108.5,4.03,-7.2,2004,0,pop,266843,47.2,0
0.859,0.339,0.397,0.186,136.2,4.01,-2.8,2021,0,electronica,607895,73.2,1
0.306,0.729,0.643,0.255,114.1,3.99,-6.9,2006,0,urbano,586000,69.1,0
0.213,0.858,0.617,0.259,149.1,3.09,-13.7,2020,0,pop,617175,72.4,1
0.565,0.526,0.458,0.511,110.4,3.94,-8.4,2010,0,electronica,200682,39.5,0
0.425,0.363,0.363,0.61,145.7,4.16,-2.2,2003,1,rock,64578,22.5,0
0.722,0.679,0.728,0.317,96.2,1.72,-8.9,2007,0,indie,457972,62.4,0
0.682,0.557,0.699,0.59,82.4,3.74,-2.4,2013,0,pop,455721,63.2,0
0.714,0.81,0.633,0.391,99.4,5.16,-4.9,1996,0,urbano,396649,56.9,0
0.585,0.657,0.063,0.114,91.8,3.27,-9.2,2012,0,rock,387043,57.3,0
0.677,0.869,0.485,0.247,89.0,1.5,-11.2,1998,0,indie,313086,51.2,0
0.247,0.671,0.317,0.461,130.3,2.85,-7.0,2010,0,electronica,185870,37.4,0
0.521,0.651,0.487,0.089,113.4,2.05,-4.2,2005,0,rock,399541,57.1,0
0.532,0.806,0.241,0.389,123.5,2.99,-12.7,2013,0,electronica,468455,62.1,0
0.526,0.829,0.722,0.304,133.2,2.52,-7.6,2021,0,pop,597758,72.7,1
0.171,0.746,0.143,0.577,77.9,4.24,-14.1,1997,0,rock,132958,33.3,0
0.391,0.295,0.307,0.079,134.2,4.12,-9.0,1997,0,rock,237321,43.2,0
0.505,0.664,0.242,0.124,89.9,3.77,-13.0,2009,0,pop,244851,46.2,0
0.462,0.268,0.246,0.369,105.6,4.48,-6.3,2018,0,pop,256903,46.1,0
0.37,0.795,0.843,0.557,72.7,3.05,-10.1,2003,0,pop,440109,61.5,0
0.424,0.668,0.55,0.44,136.4,3.56,-4.5,2019,0,pop,411908,59.5,0
0.301,0.783,0.808,0.584,77.8,5.26,-9.6,1995,0,pop,202174,40.6,0
0.579,0.105,0.223,0.557,90.0,3.97,-9.9,2004,1,pop,200341,40.8,0
0.673,0.496,0.541,0.759,91.8,3.97,-12.8,2011,0,rock,257710,46.7,0
0.634,0.58,0.683,0.132,116.8,2.89,-6.8,2014,1,urbano,840411,85.0,1
0.154,0.863,0.161,0.536,116.0,3.17,-6.5,2006,0,pop,448506,60.3,0
0.864,0.843,0.249,0.434,140.3,2.7,-5.2,2022,1,rock,832871,87.3,1
0.859,0.627,0.424,0.295,117.4,4.84,-6.0,2008,1,pop,466306,62.4,0
0.697,0.918,0.771,0.126,144.1,2.25,-6.8,2014,0,urbano,680156,75.7,1
0.63,0.889,0.03,0.682,129.5,4.23,-6.2,1998,0,indie,368364,54.9,0
0.724,0.777,0.065,0.096,96.4,3.96,-5.9,2023,0,electronica,741859,80.2,1
0.269,0.755,0.827,0.452,103.3,2.22,-5.3,2010,0,rock,242617,44.8,0
0.752,0.785,0.102,0.101,157.8,4.41,-12.6,2009,1,rock,556811,67.9,0
0.689,0.167,0.211,0.127,150.7,3.29,-9.4,2003,0,pop,248442,44.7,0
0.729,0.854,0.55,0.285,140.6,2.44,-12.9,2013,1,urbano,737639,82.1,1
0.407,0.501,0.335,0.575,143.9,3.79,-7.0,1995,1,urbano,296580,49.5,0
0.669,0.954,0.211,0.537,131.6,2.84,-3.1,2009,0,urbano,653588,74.7,1
0.235,0.496,0.211,0.024,128.4,3.34,-5.3,2019,0,indie,147918,34.8,0
0.784,0.547,0.525,0.597,121.2,3.1,-9.8,2019,1,electronica,378500,56.3,0
0.101,0.685,0.868,0.512,162.5,2.8,-6.5,2014,0,rock,575784,69.4,0
0.573,0.689,0.016,0.21,108.4,2.55,-7.0,2006,0,rock,349660,54.5,0
0.842,0.654,0.371,0.281,126.0,4.14,-7.3,2011,0,electronica,837978,84.9,1
0.314,0.813,0.955,0.176,77.3,3.76,-11.9,2000,0,urbano,661085,76.4,1
0.837,0.341,0.723,0.567,84.2,3.71,-4.1,2014,0,electronica,315912,52.0,0
0.57,0.25,0.459,0.153,165.4,3.21,-11.5,2001,0,rock,299466,49.1,0
0.621,0.467,0.392,0.38,135.4,3.54,-9.1,2005,0,electronica,258031,45.0,0
0.802,0.702,0.5,0.504,114.7,2.91,-5.1,2017,0,pop,579470,71.5,1
0.135,0.268,0.131,0.537,122.0,2.9,-9.1,1998,0,urbano,40322,17.0,0
0.603,0.609,0.632,0.41,86.0,4.87,-7.8,2005,1,urbano,357059,54.4,0
0.428,0.41,0.864,0.834,109.3,4.21,-7.6,2006,1,pop,257283,47.4,0
0.703,0.25,0.868,0.426,83.5,3.05,-7.8,2024,1,rock,404362,59.4,0
0.151,0.989,0.279,0.277,112.6,2.3,-7.7,2019,1,indie,351176,53.4,0
0.44,0.737,0.789,0.203,137.0,2.14,-7.4,2006,1,electronica,394394,58.8,0
0.51,0.618,0.782,0.258,131.3,2.99,-7.8,2013,0,pop,528312,67.5,0
0.277,0.618,0.715,0.565,159.7,3.59,-10.7,2002,0,pop,406427,58.3,0
0.512,0.077,0.383,0.1,127.4,3.59,-12.7,2019,0,urbano,334721,52.2,0
0.488,0.135,0.509,0.191,60.0,3.62,-5.0,2005,0,pop,309498,50.3,0
0.594,0.756,0.209,0.513,168.8,3.77,-4.9,2022,1,pop,659791,73.3,1
0.722,0.8,0.513,0.22,99.0,2.67,-7.0,2022,0,pop,506143,66.2,0
0.61,0.875,0.191,0.283,124.1,4.71,-7.0,2002,1,urbano,708725,77.9,1
0.778,0.685,0.547,0.174,122.5,3.34,-10.7,2007,0,pop,494538,64.1,0
0.708,0.541,0.489,0.286,126.0,3.74,-15.3,2023,1,pop,790271,81.7,1
0.604,0.679,0.314,0.786,121.2,2.98,-8.7,1997,0,electronica,409579,57.5,0
0.591,0.253,0.501,0.688,121.6,3.75,-13.7,2015,0,indie,218606,42.3,0
0.602,0.611,0.417,0.089,87.0,5.16,-7.4,2011,1,electronica,536536,66.7,0
0.388,0.884,0.617,0.435,184.7,2.71,-4.1,2012,0,pop,500140,65.9,0
0.125,0.629,0.394,0.443,136.3,2.61,-9.8,2012,0,pop,182045,38.2,0
0.695,0.54,0.104,0.057,121.3,2.81,-9.7,2010,0,rock,312451,50.3,0
0.741,0.537,0.527,0.085,166.0,3.23,-11.0,2005,1,electronica,841575,84.1,1
0.751,0.969,0.259,0.55,93.2,3.08,-7.9,2009,0,rock,545953,67.4,0
0.019,0.462,0.66,0.034,141.7,2.67,-8.1,2025,1,electronica,226081,42.7,0
0.332,0.564,0.4,0.194,106.1,3.46,-11.1,1997,0,urbano,382938,56.5,0
0.478,0.56,0.77,0.337,130.1,4.75,-5.3,1999,0,indie,315265,50.5,0
0.477,0.783,0.516,0.024,130.6,3.38,0.0,1996,0,electronica,542817,65.5,0
0.796,0.384,0.696,0.248,61.6,3.42,-4.4,2014,0,pop,507982,64.6,0
0.415,0.443,0.418,0.299,84.2,3.77,-8.3,2005,0,urbano,422921,59.1,0
0.297,0.687,0.233,0.357,159.7,4.02,-8.4,1996,0,rock,288744,49.7,0
0.786,0.904,0.497,0.162,113.7,4.6,-9.5,2001,1,pop,766534,82.4,1
0.836,0.932,0.196,0.163,170.0,3.69,-9.6,2003,0,urbano,727357,79.5,1
0.473,0.712,0.391,0.461,152.8,3.5,-5.1,1997,0,rock,275801,46.8,0
0.788,0.169,0.076,0.478,114.5,2.71,-5.0,2018,0,rock,318767,52.0,0
0.12,0.406,0.749,0.255,112.3,4.09,-11.5,1995,0,electronica,140870,33.0,0
0.737,0.771,0.944,0.031,161.2,2.82,-6.9,2022,0,pop,666557,75.4,1
0.709,0.861,0.421,0.119,172.6,2.8,-4.7,2025,1,indie,852378,85.5,1
0.879,0.501,0.509,0.533,112.8,3.65,-9.1,2023,0,urbano,483282,64.0,0
0.092,0.508,0.479,0.295,158.5,4.73,-8.6,2001,1,indie,54932,20.5,0
0.285,0.809,0.56,0.156,145.8,4.08,-5.9,2002,0,pop,563152,70.2,1
0.551,0.224,0.893,0.52,150.1,3.47,-5.8,2025,0,urbano,280039,47.4,0
0.628,0.056,0.604,0.393,122.5,2.71,-6.7,2014,0,indie,198694,40.0,0
0.821,0.24,0.758,0.29,103.2,4.72,-7.2,2011,0,pop,339825,53.9,0
0.388,0.351,0.763,0.053,93.6,3.45,-6.8,2021,1,electronica,394266,57.1,0
0.207,0.327,0.729,0.293,87.4,3.27,-8.8,2000,0,urbano,527887,63.3,0
0.356,0.178,0.675,0.153,167.8,3.94,-11.4,2007,0,urbano,272197,47.3,0
0.559,0.569,0.183,0.483,120.3,3.14,-12.7,1999,0,rock,295925,48.0,0
0.071,0.536,0.496,0.322,91.4,2.9,-6.2,2019,0,pop,311192,52.7,0
0.701,0.573,0.468,0.481,145.1,2.97,-7.7,2001,0,rock,322830,51.8,0
0.466,0.428,0.201,0.518,108.0,2.97,-6.6,1999,0,pop,380522,55.4,0
0.197,0.544,0.653,0.203,103.7,2.6,-10.5,2006,1,rock,324419,51.7,0
0.509,0.216,0.503,0.57,171.7,2.51,-7.7,2012,0,rock,260052,46.5,0
0.114,0.66,0.282,0.124,86.7,4.28,-7.8,2001,0,pop,201840,40.3,0
0.797,0.694,0.416,0.236,125.9,4.04,-4.2,2022,0,pop,763741,79.9,1
0.779,0.755,0.084,0.359,105.2,2.84,-5.4,2020,1,rock,631815,71.0,1
0.536,0.479,0.744,0.261,101.2,4.21,-10.2,2023,1,pop,694407,75.9,1
0.631,0.859,0.705,0.49,83.4,3.75,-6.5,2006,1,rock,525651,67.2,0
0.329,0.711,0.343,0.078,121.5,3.24,-10.2,2007,0,indie,481603,63.9,0
0.581,0.726,0.314,0.626,98.2,2.52,-15.8,2011,0,pop,392887,57.4,0
0.533,0.632,0.638,0.226,134.8,3.77,-2.8,2023,1,urbano,673450,77.0,1
0.604,0.504,0.082,0.395,118.8,4.99,-9.1,2010,0,indie,180721,38.1,0
0.397,0.805,0.468,0.37,112.2,3.51,-4.9,2007,0,indie,344443,53.6,0
0.73,0.407,0.156,0.307,98.3,4.3,-10.0,2015,1,pop,390449,58.1,0
0.509,0.38,0.138,0.367,155.8,3.33,-10.4,1999,0,electronica,301472,49.1,0
0.678,0.179,0.516,0.316,138.4,4.24,-9.6,2025,0,pop,382220,56.0,0
0.666,0.656,0.757,0.619,103.0,3.38,-7.2,2016,0,electronica,727378,79.9,1
0.87,0.777,0.42,0.212,86.0,1.58,-7.5,2008,0,urbano,590330,70.7,1
0.552,0.798,0.292,0.323,72.8,2.92,-6.5,1997,1,pop,530239,68.0,0
0.448,0.27,0.168,0.103,148.4,3.61,-9.5,2005,0,urbano,258631,46.3,0
0.635,0.619,0.733,0.233,142.7,4.37,-7.9,2012,0,pop,793362,81.9,1
0.553,0.868,0.101,0.203,146.2,3.38,-10.5,2025,0,urbano,421336,58.9,0
0.853,0.633,0.791,0.429,117.0,3.52,-3.6,2010,0,urbano,744125,80.7,1
0.232,0.601,0.3,0.449,140.2,3.03,-11.9,2025,1,indie,269794,46.7,0
0.71,0.814,0.584,0.448,145.7,4.75,-10.5,2011,0,urbano,436152,60.5,0
0.5,0.493,0.444,0.146,118.3,4.7,-9.3,2019,0,rock,562755,70.2,1
0.13,0.36,0.741,0.095,111.0,2.96,-0.8,1998,0,pop,223342,42.6,0
0.56,0.795,0.566,0.285,95.6,2.29,-5.7,2019,0,indie,451211,61.1,0
0.583,0.823,0.503,0.121,130.7,2.05,-10.6,2002,0,urbano,760848,80.6,1
0.485,0.652,0.528,0.079,134.0,3.98,-5.5,2007,1,pop,515888,67.8,0
0.087,0.329,0.144,0.339,109.8,3.61,-6.5,2005,1,rock,159540,35.5,0
0.232,0.695,0.784,0.445,112.8,2.87,-7.2,2011,0,urbano,371330,55.5,0
0.672,0.524,0.499,0.41,114.6,3.72,-5.9,2014,1,pop,544786,70.0,1
0.654,0.715,0.86,0.423,139.8,2.52,-7.8,2005,1,urbano,821324,85.4,1
0.883,0.361,0.155,0.656,85.6,4.14,-7.5,1996,1,urbano,427053,59.3,0
0.509,0.539,0.162,0.148,92.4,3.19,-12.7,2014,1,pop,223661,41.6,0
0.423,0.594,0.103,0.653,92.9,2.63,-3.7,2008,1,electronica,310968,51.9,0
0.678,0.875,0.718,0.038,116.3,3.21,-9.3,2020,0,pop,804051,82.1,1
0.414,0.889,0.866,0.574,127.9,3.18,-11.7,2016,0,pop,497293,66.7,0
0.783,0.469,0.632,0.765,93.3,3.79,-9.5,2006,1,pop,513291,64.4,0
0.609,0.938,0.596,0.328,142.7,4.43,-9.4,1996,0,urbano,480089,63.8,0
0.387,0.298,0.225,0.177,156.6,4.39,-10.4,2011,0,pop,215801,42.2,0
0.248,0.846,0.584,0.195,130.3,3.63,-5.7,2019,0,pop,703773,77.3,1
0.727,0.409,0.357,0.395,148.1,3.35,-5.1,2019,0,pop,468378,63.7,0
0.129,0.403,0.562,0.606,97.1,3.05,-13.9,2005,1,indie,173517,36.9,0
0.104,0.611,0.285,0.352,97.7,2.09,-9.5,2001,0,pop,123751,31.2,0
0.739,0.458,0.212,0.563,132.9,3.48,-9.3,1997,0,pop,304307,53.1,0
0.443,0.853,0.347,0.519,119.0,2.82,-8.5,2013,0,rock,265124,47.1,0
0.446,0.574,0.456,0.088,97.7,4.47,-2.9,2003,1,urbano,691749,76.8,1
0.3,0.726,0.915,0.192,155.6,3.34,-10.4,2019,0,pop,347222,52.7,0
0.455,0.529,0.057,0.085,127.5,4.1,-3.3,2013,1,indie,386386,56.4,0
0.871,0.706,0.355,0.833,137.6,3.11,-8.4,1996,0,rock,458232,61.0,0
0.283,0.688,0.774,0.682,103.1,2.96,-3.3,2016,1,urbano,516615,67.0,0
0.928,0.51,0.274,0.171,162.0,3.98,-8.9,2002,0,urbano,357469,53.8,0
0.701,0.377,0.732,0.637,116.1,3.72,-9.3,2022,1,electronica,294835,48.6,0
0.441,0.418,0.835,0.504,145.5,3.76,-8.1,1995,0,pop,326028,53.2,0
0.393,0.277,0.385,0.042,105.4,3.42,-4.1,2006,0,indie,174768,36.7,0
0.381,0.906,0.774,0.513,124.2,4.13,-7.5,1995,0,pop,387641,56.5,0
0.786,0.518,0.499,0.093,133.9,4.02,-7.4,2014,1,urbano,665237,75.8,1
0.402,0.27,0.457,0.285,169.9,1.76,-6.1,2009,0,pop,166722,36.6,0
0.458,0.209,0.388,0.141,109.0,3.29,-10.6,2011,0,rock,140970,33.9,0
0.417,0.685,0.7,0.133,125.1,4.31,-7.0,2016,0,electronica,460993,61.6,0
0.678,0.395,0.668,0.307,134.8,2.68,-9.9,2022,1,rock,297811,49.2,0
0.624,0.792,0.685,0.306,84.6,2.15,-3.6,2006,0,pop,546161,67.4,0
0.285,0.369,0.656,0.37,65.6,3.39,-6.7,2012,0,electronica,216052,41.7,0
0.454,0.467,0.613,0.62,95.1,3.92,-5.9,2014,0,indie,248531,44.8,0
0.449,0.568,0.851,0.274,144.2,3.13,-14.1,2022,0,pop,733200,79.8,1
0.589,0.476,0.3,0.522,162.9,4.53,-5.9,2000,0,pop,246525,44.0,0
0.709,0.76,0.257,0.037,96.9,4.97,-8.5,2011,0,urbano,617956,71.9,1
0.225,0.787,0.358,0.546,89.6,1.96,-12.3,2020,1,electronica,318804,51.1,0
0.598,0.835,0.601,0.747,158.4,3.19,-7.7,2003,0,pop,552758,68.6,0
0.699,0.7,0.446,0.604,105.9,1.67,-12.6,2006,0,pop,344687,54.9,0
0.46,0.676,0.405,0.814,110.7,4.03,-6.2,2008,0,rock,376399,57.7,0
0.284,0.8,0.49,0.398,156.5,2.96,-3.7,2016,0,electronica,464084,62.8,0
0.46,0.372,0.723,0.176,152.4,3.12,-13.4,2015,0,pop,467005,61.4,0
0.681,0.936,0.445,0.586,143.4,4.42,-8.1,1999,0,rock,296811,49.9,0
0.593,0.542,0.407,0.032,77.2,2.44,-8.5,2001,1,electronica,492498,65.1,0
0.52,0.868,0.401,0.183,88.5,2.24,-14.0,2020,0,pop,436640,61.4,0
0.369,0.31,0.096,0.088,148.0,1.68,-5.3,2015,1,urbano,238631,44.9,0
0.835,0.683,0.394,0.142,127.9,4.52,-6.1,2011,1,urbano,662585,76.4,1
0.446,0.822,0.714,0.48,100.6,4.33,-1.9,2008,1,rock,502221,64.8,0
0.4,0.512,0.103,0.2,111.4,3.26,-6.5,2025,0,rock,334956,53.0,0
0.831,0.267,0.332,0.264,147.8,2.48,-10.6,2022,0,electronica,504547,65.8,0
0.35,0.16,0.909,0.285,158.2,4.17,-6.5,2007,1,urbano,460507,62.8,0
0.323,0.314,0.493,0.087,119.9,5.7,-4.1,2005,1,pop,269192,46.7,0
0.328,0.666,0.701,0.408,102.8,3.31,-9.4,2022,0,urbano,459091,61.7,0
0.044,0.899,0.116,0.244,113.1,2.54,-5.4,2005,1,urbano,330679,53.8,0
0.655,0.334,0.721,0.536,153.6,4.49,-15.1,2007,1,rock,285137,48.9,0
0.569,0.152,0.164,0.332,153.1,2.59,-3.6,2023,1,indie,213985,41.6,0
0.279,0.511,0.808,0.286,124.9,3.21,-5.6,1998,0,urbano,345677,53.1,0
0.689,0.378,0.483,0.285,106.8,1.5,-15.6,2016,0,rock,283799,48.1,0
0.324,0.267,0.765,0.593,147.1,3.26,-6.9,2016,0,pop,424434,58.8,0
0.758,0.308,0.269,0.56,160.6,2.48,-14.0,2006,0,rock,221924,43.3,0
0.276,0.855,0.579,0.611,83.7,4.51,-9.8,2000,1,rock,243772,44.2,0
0.683,0.284,0.661,0.106,114.2,2.72,-6.0,2021,0,electronica,619992,70.4,1
0.207,0.888,0.422,0.644,148.9,4.12,-8.4,2019,0,indie,106841,28.8,0
0.562,0.483,0.739,0.031,121.8,3.42,-4.2,2021,1,indie,662581,75.2,1
0.565,0.67,0.243,0.261,107.8,3.6,-7.8,2005,0,urbano,344035,52.9,0
0.239,0.377,0.457,0.2,124.6,3.92,-8.1,2024,0,electronica,309692,50.9,0
0.368,0.743,0.312,0.127,129.3,3.46,-4.7,2018,1,electronica,454720,62.7,0
0.538,0.342,0.366,0.427,91.8,2.98,-9.0,2002,1,urbano,431038,60.0,0
0.542,0.588,0.432,0.162,122.3,2.85,-8.1,2009,1,pop,772478,83.8,1
0.63,0.323,0.699,0.36,129.2,3.91,-7.7,2004,0,indie,230197,42.9,0
0.337,0.51,0.528,0.301,107.7,1.98,-8.2,2011,0,indie,142164,33.2,0
0.529,0.547,0.407,0.235,100.5,4.84,-4.5,2000,0,urbano,384494,58.0,0
0.542,0.833,0.659,0.328,106.6,3.61,-10.0,2017,0,urbano,810215,83.5,1
0.621,0.554,0.831,0.401,95.7,3.23,-10.5,2009,0,pop,516806,66.3,0
0.709,0.77,0.478,0.596,141.3,3.71,-11.2,2015,0,pop,559443,67.3,0
0.265,0.681,0.188,0.046,95.4,3.02,-14.4,2014,0,electronica,320123,50.3,0
0.679,0.409,0.338,0.03,124.7,3.36,-3.5,2015,0,urbano,468220,61.9,0
0.922,0.639,0.747,0.13,110.6,2.59,-10.7,2018,1,rock,798446,81.5,1
0.063,0.625,0.087,0.284,102.3,3.8,-8.7,2015,1,urbano,264372,46.7,0
0.298,0.763,0.262,0.196,154.3,3.44,-3.3,2010,0,rock,482980,63.5,0
0.332,0.472,0.686,0.252,116.7,3.65,-8.4,2013,1,electronica,475612,63.5,0
0.354,0.465,0.822,0.709,103.3,4.69,-6.5,2014,0,indie,106293,29.2,0
0.888,0.782,0.411,0.514,100.9,2.86,-12.3,2020,0,urbano,640875,73.9,1
0.263,0.847,0.691,0.224,128.5,3.4,-3.8,2009,0,urbano,589407,70.9,1
0.661,0.342,0.521,0.513,140.7,2.18,-8.4,2004,0,pop,254963,45.7,0
0.37,0.623,0.394,0.15,151.8,3.94,-11.1,2002,0,electronica,228081,43.0,0
0.434,0.906,0.776,0.114,115.8,3.49,-11.1,2000,0,electronica,468676,62.7,0
0.508,0.849,0.251,0.024,114.3,3.51,-2.9,2013,0,urbano,701128,76.5,1
0.667,0.659,0.539,0.129,123.3,3.37,-9.8,2017,0,pop,716531,79.2,1
0.511,0.526,0.827,0.332,124.2,3.04,-11.0,2004,0,rock,361978,55.9,0
0.507,0.602,0.652,0.479,100.7,5.5,-9.3,2011,0,electronica,511259,65.0,0
0.639,0.127,0.785,0.231,156.6,3.53,-7.9,2006,0,rock,267586,46.1,0
0.695,0.396,0.442,0.659,120.6,3.74,-7.5,2022,0,pop,494598,64.2,0
0.764,0.814,0.841,0.638,133.4,2.59,-6.7,2023,0,indie,410585,59.6,0
0.7,0.403,0.821,0.445,130.6,4.21,-7.3,2024,1,urbano,836300,85.3,1
0.452,0.516,0.901,0.421,130.1,3.4,-6.1,2021,0,rock,544358,67.6,0
0.653,0.45,0.73,0.135,94.9,3.86,-8.8,2021,0,pop,615944,73.7,1
0.619,0.296,0.275,0.207,119.8,4.22,-1.8,2012,0,pop,240379,44.7,0
0.661,0.401,0.688,0.241,177.0,3.42,-9.5,2011,0,pop,560236,69.1,0
0.365,0.611,0.324,0.147,159.7,2.96,-3.9,2004,1,urbano,433212,59.1,0
0.79,0.645,0.291,0.485,123.9,1.64,-9.8,2018,1,indie,451212,61.3,0
0.522,0.433,0.773,0.199,110.8,3.19,-12.3,2004,0,rock,212837,41.8,0
0.78,0.382,0.478,0.077,64.6,2.95,-13.0,2005,0,indie,386685,56.9,0
0.301,0.3,0.329,0.157,107.6,2.59,-7.1,2024,0,rock,192439,39.7,0
0.61,0.342,0.148,0.349,118.0,4.66,-4.5,1995,0,pop,220720,42.5,0
0.788,0.415,0.561,0.762,112.1,4.29,-11.5,1998,1,rock,413635,58.1,0
0.824,0.693,0.799,0.197,113.8,2.04,-10.6,2019,0,rock,542954,69.9,0
0.482,0.588,0.081,0.335,135.6,3.62,-6.8,2016,0,indie,265728,45.6,0
0.755,0.466,0.213,0.559,95.0,2.85,-8.0,2019,0,urbano,581229,67.9,0
0.757,0.57,0.433,0.428,126.8,3.79,-9.8,2009,0,pop,731014,79.1,1
0.88,0.732,0.594,0.138,117.2,2.86,-11.8,1995,1,electronica,728409,80.2,1
0.551,0.611,0.507,0.376,97.9,3.07,-7.1,2004,0,electronica,256859,44.9,0
0.364,0.756,0.302,0.383,161.9,4.27,-6.0,2021,0,urbano,287338,48.3,0
0.345,0.368,0.259,0.092,138.7,4.16,-6.5,2015,0,pop,305262,50.5,0
0.495,0.909,0.461,0.384,100.3,4.71,-7.9,2022,0,urbano,635364,74.8,1
0.566,0.602,0.661,0.554,132.9,3.33,-11.2,1995,0,electronica,364051,55.3,0
0.699,0.853,0.733,0.202,85.3,2.34,-7.1,2004,0,urbano,779853,81.8,1
0.723,0.365,0.811,0.22,103.4,4.24,-7.3,2016,0,electronica,493751,63.6,0
0.554,0.831,0.768,0.34,153.2,4.24,-11.9,1995,1,pop,705746,77.5,1
0.755,0.668,0.857,0.37,128.8,4.0,-8.9,2008,0,urbano,744537,79.5,1
0.069,0.734,0.402,0.535,126.8,2.9,-6.9,2022,1,urbano,275492,47.7,0
0.684,0.429,0.463,0.396,144.7,2.64,-8.2,2000,0,pop,464103,61.6,0
0.817,0.493,0.649,0.17,135.3,3.93,-13.9,1997,0,urbano,384049,56.7,0
0.166,0.265,0.466,0.345,113.3,2.79,-9.9,2014,0,rock,176838,36.5,0
0.288,0.433,0.728,0.226,143.4,3.25,-10.1,2002,1,urbano,371361,56.1,0
0.543,0.491,0.78,0.47,77.8,5.83,-6.3,2000,0,pop,273781,47.0,0
0.764,0.572,0.79,0.185,103.3,5.2,-0.2,2011,0,rock,573127,67.4,0
0.942,0.631,0.543,0.453,117.6,4.13,-7.6,2013,0,urbano,741567,78.6,1
0.652,0.569,0.849,0.253,133.7,2.97,-11.6,2020,0,urbano,805836,82.5,1
0.575,0.592,0.533,0.292,111.9,2.92,-8.5,1998,0,electronica,413748,58.5,0
0.809,0.321,0.129,0.2,75.4,4.07,-8.0,2019,0,urbano,501760,65.0,0
0.621,0.161,0.676,0.16,71.9,4.7,-5.7,2015,0,urbano,538425,67.7,0
0.48,0.507,0.85,0.016,118.3,3.09,-4.3,2016,0,pop,792788,83.5,1
0.321,0.172,0.264,0.353,108.1,3.13,-3.8,2002,1,urbano,274266,48.5,0
0.788,0.529,0.199,0.203,97.3,3.57,-6.4,2020,0,pop,518176,65.5,0
0.869,0.839,0.523,0.138,93.1,2.39,-8.0,1998,0,indie,491039,65.9,0
0.543,0.655,0.53,0.753,123.3,2.41,-3.5,2016,1,pop,567514,68.7,0
0.853,0.6,0.398,0.51,152.6,2.56,-9.0,1999,0,rock,394499,57.6,0
0.956,0.62,0.45,0.507,123.3,3.94,-7.8,2014,0,electronica,384376,57.4,0
0.853,0.423,0.52,0.355,152.9,3.72,-8.7,2008,0,urbano,724535,77.2,1
0.228,0.827,0.193,0.151,110.7,4.41,-14.4,2000,0,pop,340809,54.3,0
0.844,0.906,0.31,0.56,131.1,2.11,-4.2,2001,0,pop,742463,80.8,1
0.213,0.406,0.084,0.051,153.8,2.29,-6.0,2008,1,pop,408348,58.9,0
0.247,0.662,0.708,0.301,116.1,3.86,-15.1,2006,0,indie,236666,43.7,0
0.763,0.492,0.359,0.716,120.6,2.8,-5.0,2008,0,pop,455135,62.4,0
0.369,0.614,0.796,0.279,110.6,2.86,-8.9,2008,0,urbano,587929,69.1,0
0.358,0.264,0.712,0.611,134.8,4.31,-5.0,1995,0,pop,134911,33.3,0
0.767,0.103,0.69,0.173,142.6,3.06,-7.8,2008,0,rock,374674,52.3,0
0.186,0.725,0.681,0.111,128.8,3.15,-12.1,2007,0,urbano,380653,57.2,0
0.827,0.428,0.279,0.729,114.3,3.3,-7.9,2007,1,urbano,682491,73.0,1
0.745,0.489,0.64,0.643,82.5,3.35,-10.7,2002,0,pop,396648,56.5,0
0.924,0.215,0.598,0.142,118.8,4.05,-11.7,2000,0,indie,297567,49.5,0
0.828,0.889,0.141,0.115,115.2,2.53,-5.4,1997,1,urbano,750113,80.1,1
0.727,0.651,0.378,0.593,125.9,3.35,-6.8,2014,0,pop,562482,69.5,0
0.606,0.845,0.183,0.713,122.9,4.43,-3.5,2011,0,electronica,405001,57.8,0
0.34,0.449,0.752,0.846,159.3,5.21,-9.2,2020,1,electronica,126727,31.9,0
0.528,0.426,0.47,0.408,102.6,2.41,-10.9,2002,0,urbano,238582,43.5,0
0.921,0.229,0.44,0.302,80.6,3.76,-6.1,2007,0,indie,393778,57.1,0
0.723,0.819,0.878,0.55,91.4,3.35,-10.5,2000,1,pop,704485,79.0,1
0.848,0.341,0.394,0.166,104.2,3.42,-8.9,2024,0,electronica,522361,66.0,0
0.678,0.489,0.638,0.535,147.1,2.87,-6.4,2019,0,electronica,410569,58.2,0
0.508,0.495,0.677,0.567,87.6,4.1,-8.4,1999,0,urbano,438635,61.3,0
0.525,0.475,0.366,0.104,90.9,4.06,-9.5,2020,0,urbano,484507,64.3,0
0.527,0.377,0.728,0.175,130.3,5.52,-12.2,2023,0,pop,337815,52.4,0
0.458,0.551,0.651,0.857,141.2,2.44,-5.2,2015,0,pop,389978,56.0,0
0.756,0.772,0.647,0.388,81.3,2.1,-9.1,2025,0,urbano,881288,87.7,1
0.074,0.744,0.473,0.341,75.7,5.14,-6.1,2000,0,indie,80688,24.5,0
0.669,0.726,0.255,0.592,100.3,3.46,-6.5,2003,0,pop,437191,59.4,0
0.567,0.039,0.637,0.662,136.4,3.13,-4.7,2014,0,urbano,284766,47.3,0
0.886,0.683,0.353,0.185,123.6,3.65,-8.7,2011,1,pop,955342,90.7,1
0.525,0.136,0.917,0.21,101.3,2.38,-9.0,2017,0,pop,321438,52.2,0
0.718,0.301,0.379,0.351,138.5,3.8,-11.3,2024,0,urbano,372021,54.8,0
0.608,0.526,0.604,0.094,123.1,3.44,-9.6,2002,0,indie,360132,54.8,0
0.601,0.569,0.708,0.4,117.3,4.36,-7.0,2022,0,pop,522100,65.9,0
0.594,0.746,0.525,0.685,79.6,4.19,-10.5,1999,0,pop,519262,66.9,0
0.342,0.604,0.426,0.278,100.7,4.25,-7.1,2009,0,pop,306879,50.7,0
0.238,0.511,0.714,0.209,168.9,3.65,-3.6,2008,0,urbano,324554,52.3,0
0.596,0.801,0.416,0.209,111.6,4.78,-9.3,2019,0,urbano,428043,61.1,0
0.482,0.673,0.715,0.403,96.1,3.96,-11.9,2008,0,pop,388651,57.4,0
0.527,0.517,0.403,0.059,110.4,3.07,-9.2,2020,0,pop,760455,82.3,1
0.542,0.334,0.309,0.029,123.0,2.85,-12.3,1999,0,urbano,399671,57.2,0
0.798,0.915,0.18,0.412,142.1,2.94,-4.0,2025,0,pop,773820,83.1,1
0.731,0.177,0.575,0.188,135.5,3.97,-7.7,2000,0,electronica,355004,54.8,0
0.201,0.869,0.897,0.667,103.1,2.43,-10.2,2013,0,electronica,343633,53.3,0
0.34,0.461,0.563,0.368,151.8,3.62,-9.7,2010,0,urbano,434401,58.6,0
0.656,0.525,0.292,0.293,140.4,2.83,-11.5,1997,1,rock,434892,61.0,0
0.55,0.461,0.209,0.893,108.9,2.5,-5.0,2011,0,urbano,319148,52.4,0
0.132,0.566,0.262,0.628,116.8,2.63,-2.5,2022,0,pop,234457,44.5,0
0.613,0.38,0.396,0.447,135.0,3.48,-12.5,2011,0,rock,241728,44.9,0
0.636,0.522,0.445,0.047,146.9,4.11,-4.9,2016,0,rock,492627,65.1,0
0.751,0.577,0.573,0.174,82.0,2.96,-8.7,2025,0,urbano,727939,76.3,1
0.74,0.657,0.166,0.222,121.8,1.84,-4.2,2004,1,pop,870098,85.6,1
0.66,0.365,0.453,0.038,119.2,6.02,-13.5,1996,0,pop,296881,49.6,0
0.076,0.755,0.146,0.323,105.7,4.39,-7.3,2016,0,urbano,229942,41.9,0
0.825,0.718,0.331,0.299,105.6,4.25,-9.2,2019,0,urbano,497609,65.4,0
0.187,0.484,0.35,0.023,146.4,4.8,-6.0,1999,1,electronica,227684,43.2,0
0.293,0.46,0.311,0.113,133.4,3.57,-7.8,2005,0,pop,212515,41.7,0
0.717,0.674,0.64,0.535,172.7,3.39,-7.9,2006,1,rock,504623,64.2,0
0.696,0.632,0.374,0.068,105.8,4.58,-8.3,2018,0,indie,323588,51.7,0
0.176,0.448,0.579,0.287,123.4,4.58,-3.3,2022,1,pop,335537,51.4,0
0.567,0.102,0.132,0.114,127.7,3.99,-8.5,2017,1,urbano,353084,53.7,0
0.745,0.515,0.399,0.186,142.4,4.21,-5.4,2004,0,urbano,581444,69.3,0
0.66,0.412,0.426,0.081,154.0,2.51,-6.1,2014,1,rock,434995,62.1,0
0.622,0.66,0.298,0.364,122.3,3.29,-5.3,2003,1,indie,327689,53.4,0
0.295,0.783,0.799,0.244,92.6,4.86,-11.0,2014,0,indie,372539,57.1,0
0.678,0.866,0.42,0.303,102.2,4.14,-5.9,2024,0,urbano,737269,80.2,1
0.653,0.242,0.52,0.412,123.6,2.33,-7.0,2015,0,electronica,268894,48.0,0
0.903,0.522,0.458,0.358,148.1,3.08,-11.6,2019,1,urbano,628157,71.8,1
0.298,0.292,0.525,0.437,83.8,4.73,-8.6,2018,0,electronica,95138,27.2,0
0.503,0.487,0.249,0.331,90.7,3.86,-1.1,2009,0,indie,176734,37.2,0
0.584,0.904,0.232,0.151,138.9,3.65,-9.2,1999,0,rock,563639,69.7,0
0.526,0.811,0.647,0.31,87.7,3.67,-9.1,2025,1,pop,824582,83.4,1
0.853,0.129,0.346,0.399,91.9,3.43,-6.6,2006,0,pop,322776,53.2,0
0.558,0.814,0.976,0.05,148.4,3.08,-9.6,2022,0,electronica,857148,86.3,1
0.531,0.469,0.818,0.251,114.5,2.83,-7.6,2021,0,pop,579100,69.6,0
0.408,0.708,0.508,0.247,112.6,4.31,-9.3,2016,1,urbano,567953,68.8,0
0.851,0.642,0.441,0.122,154.2,3.69,-6.8,2011,1,rock,778744,82.4,1
0.576,0.307,0.836,0.678,93.4,4.07,-8.2,2003,0,electronica,332251,53.8,0
0.317,0.783,0.659,0.629,88.4,3.94,-2.1,1999,1,electronica,457693,61.0,0
0.642,0.687,0.484,0.783,160.7,4.63,-7.9,2022,1,pop,470791,63.3,0
0.248,0.577,0.239,0.269,125.8,3.86,-8.7,2024,0,rock,235492,43.9,0
0.71,0.507,0.727,0.328,137.0,4.16,-4.9,2015,0,electronica,377799,54.1,0
0.603,0.418,0.129,0.365,112.2,3.63,-12.2,2025,0,pop,290292,48.7,0
0.694,0.651,0.393,0.066,117.3,2.74,-2.9,2001,0,urbano,858219,87.0,1
0.374,0.264,0.922,0.421,102.4,3.32,-11.0,2010,1,rock,225547,43.1,0
0.557,0.443,0.38,0.224,128.0,3.97,-4.4,2000,0,urbano,263707,45.9,0
0.79,0.563,0.839,0.384,140.8,4.04,-3.6,2011,0,urbano,777724,83.0,1
0.265,0.483,0.708,0.315,124.9,4.66,-9.6,2022,0,pop,326868,51.5,0
0.403,0.626,0.394,0.272,146.5,3.13,-9.3,2004,0,electronica,376973,55.0,0
0.237,0.427,0.423,0.148,136.6,3.68,-8.3,2008,0,pop,267663,46.8,0
0.653,0.601,0.251,0.085,93.8,3.4,-6.1,2011,0,urbano,699744,76.3,1
0.704,0.599,0.525,0.412,116.4,4.8,-11.0,2009,1,urbano,724214,79.0,1
0.109,0.41,0.88,0.092,108.8,3.8,-8.3,2025,0,pop,280234,48.4,0
0.57,0.747,0.645,0.111,138.8,3.82,-8.9,2008,0,urbano,655911,76.9,1
0.258,0.607,0.549,0.15,131.5,3.47,-11.5,2002,0,pop,443522,60.7,0
0.689,0.653,0.445,0.051,123.2,3.32,-11.1,2005,0,pop,502484,64.8,0
0.179,0.709,0.195,0.573,145.3,2.34,-7.6,2004,0,urbano,388700,56.0,0
0.458,0.677,0.65,0.248,73.4,2.49,-7.7,2004,0,urbano,628091,72.2,1
0.763,0.499,0.547,0.499,104.9,3.64,-10.3,2022,1,urbano,517547,64.0,0
0.592,0.442,0.727,0.073,107.0,3.54,-7.8,2010,0,pop,696116,78.0,1
0.384,0.27,0.294,0.246,126.3,3.65,-9.9,2006,1,urbano,235039,43.4,0
0.172,0.368,0.085,0.163,133.8,4.25,-4.1,1999,0,pop,142460,33.9,0
0.452,0.51,0.404,0.195,120.0,3.57,-8.3,2025,0,pop,513635,64.9,0
0.578,0.634,0.289,0.379,87.1,3.22,-4.7,1999,0,pop,539773,68.6,0
0.994,0.855,0.137,0.233,130.2,3.33,-13.1,2005,0,pop,731593,78.2,1
0.793,0.083,0.419,0.141,123.2,3.7,-7.0,2016,0,urbano,386909,57.4,0
0.451,0.115,0.125,0.547,83.3,3.2,-6.2,1995,0,indie,91207,26.2,0
0.83,0.185,0.862,0.334,112.6,4.35,-8.4,2004,0,pop,429346,58.8,0
0.507,0.841,0.281,0.284,129.4,3.49,-9.6,2024,0,electronica,551935,70.1,1
0.613,0.728,0.547,0.17,161.3,3.7,-8.5,1995,0,pop,471325,64.3,0
0.901,0.565,0.67,0.37,92.8,2.85,-5.8,2002,1,urbano,692658,76.8,1
0.263,0.509,0.373,0.19,139.8,4.35,-11.6,1997,1,urbano,203737,40.4,0
0.407,0.802,0.2,0.473,93.1,4.65,-5.9,2016,0,pop,312053,50.9,0
0.609,0.362,0.693,0.636,88.2,2.41,-7.0,1995,0,rock,249731,45.4,0
0.772,0.188,0.436,0.391,89.7,3.82,-8.8,1996,0,pop,248979,45.6,0
0.587,0.857,0.298,0.413,135.1,3.41,-8.7,2009,1,electronica,376034,55.6,0
0.785,0.61,0.18,0.49,123.2,3.73,-7.8,2018,1,rock,598893,72.5,1
0.866,0.401,0.148,0.231,112.1,3.86,-3.0,2023,0,electronica,421367,59.0,0
0.884,0.494,0.42,0.079,131.4,1.71,-7.0,2001,0,pop,384944,57.1,0
0.634,0.801,0.618,0.238,121.0,4.11,-10.8,2012,0,urbano,810658,84.3,1
0.596,0.693,0.272,0.534,122.8,4.39,-9.3,2019,0,rock,437831,59.4,0
0.828,0.428,0.923,0.052,112.4,4.48,-11.4,2017,0,urbano,807175,82.3,1
0.44,0.346,0.483,0.047,94.3,2.74,-13.7,2024,0,rock,321689,52.3,0
0.504,0.816,0.323,0.332,162.3,3.48,-11.5,1997,0,urbano,589570,71.8,1
0.538,0.7,0.339,0.488,155.0,3.07,-7.6,1996,0,rock,421126,58.6,0
0.696,0.701,0.568,0.526,159.8,1.97,-4.2,2016,0,rock,395369,58.7,0
0.421,0.359,0.342,0.443,106.5,3.0,-5.0,2006,1,pop,276934,46.5,0
0.756,0.177,0.025,0.235,103.0,2.63,-11.5,2017,0,indie,145202,33.8,0
0.499,0.417,0.247,0.716,109.6,3.77,-10.4,2017,1,electronica,281154,48.4,0
0.406,0.521,0.298,0.036,146.9,2.19,-10.8,2008,0,pop,241866,44.3,0
0.257,0.764,0.579,0.275,120.0,2.72,-15.7,2025,0,pop,318198,50.1,0
0.79,0.621,0.406,0.14,106.4,3.08,-8.5,2022,0,rock,502036,67.3,0
0.409,0.108,0.091,0.209,129.1,4.12,-5.6,2006,0,rock,259064,45.2,0
0.507,0.716,0.429,0.483,101.6,5.72,-8.8,1995,0,indie,81962,24.6,0
0.153,0.47,0.213,0.133,86.1,3.74,-11.8,2025,0,rock,189816,39.2,0
0.542,0.363,0.566,0.281,123.2,2.67,-10.5,2025,1,pop,351469,54.0,0
0.298,0.702,0.311,0.441,107.1,2.96,-9.0,2022,0,pop,303239,49.8,0
0.653,0.946,0.292,0.324,119.7,4.03,-5.7,1996,0,urbano,741858,79.0,1
0.381,0.768,0.758,0.318,60.0,2.42,-8.5,2017,0,urbano,410370,59.2,0
0.564,0.799,0.441,0.124,97.7,4.38,-6.1,2024,0,indie,432829,60.2,0
0.104,0.337,0.524,0.396,118.9,3.72,-8.2,2006,1,rock,189231,39.0,0
0.752,0.562,0.602,0.36,82.1,3.4,-7.3,2018,0,indie,543112,67.1,0
0.414,0.121,0.095,0.035,82.9,2.15,-10.8,2011,0,electronica,151458,33.2,0
0.278,0.531,0.751,0.385,121.0,4.24,-10.1,2009,0,rock,342134,53.8,0
0.982,0.623,0.801,0.639,137.5,2.89,-11.8,2017,1,rock,608253,71.9,1
0.473,0.719,0.73,0.64,97.7,3.62,-6.2,2012,0,rock,420578,60.0,0
0.408,0.641,0.596,0.362,113.4,3.37,-8.9,2016,0,urbano,430763,60.5,0
0.202,0.67,0.374,0.205,114.0,2.23,-18.8,2001,0,electronica,242208,45.1,0
0.62,0.39,0.691,0.52,80.9,3.32,-6.6,2003,0,pop,607463,73.7,1
0.706,0.415,0.602,0.243,149.6,2.53,-5.1,2014,0,indie,380511,55.2,0
0.546,0.598,0.438,0.187,115.4,2.98,-10.4,2012,0,rock,382772,56.1,0
0.828,0.516,0.654,0.742,115.7,3.85,-6.6,2006,0,urbano,486333,63.9,0
0.58,0.961,0.456,0.051,129.3,4.06,-8.6,2020,0,pop,591113,71.9,1
0.745,0.732,0.496,0.603,81.0,3.49,-14.4,2005,0,pop,413154,58.8,0
0.3,0.4,0.863,0.237,143.0,2.79,-2.1,2009,0,rock,301801,50.7,0
0.381,0.71,0.693,0.445,146.3,2.98,-8.6,2004,1,pop,405761,58.2,0
0.68,0.119,0.283,0.321,123.5,2.97,-7.4,2012,1,pop,333575,52.2,0
0.287,0.616,0.193,0.512,131.6,1.79,-9.9,2012,0,pop,43887,18.2,0
0.512,0.319,0.674,0.273,111.8,3.56,-8.9,2005,0,urbano,527607,67.6,0
0.257,0.627,0.218,0.237,141.6,2.17,-7.5,2018,0,indie,337357,53.2,0
0.661,0.582,0.764,0.39,99.4,3.56,-11.1,1999,1,rock,567153,68.5,0
0.209,0.804,0.389,0.48,119.2,2.33,-2.9,2018,0,urbano,309655,50.3,0
0.642,0.638,0.161,0.21,120.7,2.53,-5.5,1997,0,indie,221598,43.4,0
0.231,0.082,0.599,0.198,119.0,4.03,-6.4,2002,0,urbano,114855,29.6,0
0.374,0.322,0.585,0.531,146.7,3.52,-8.4,2007,0,indie,225111,42.3,0
0.619,0.55,0.478,0.22,174.7,1.99,-10.3,2008,0,indie,429974,59.8,0
0.855,0.718,0.74,0.281,117.3,3.05,-4.9,2014,0,rock,724390,76.9,1
0.544,0.424,0.066,0.507,131.8,3.71,-6.2,2024,0,urbano,451279,61.5,0
0.279,0.532,0.602,0.447,99.9,3.0,-9.2,2018,0,electronica,330904,51.9,0
0.711,0.491,0.53,0.605,145.8,3.23,-11.3,2011,1,urbano,458766,61.6,0
0.622,0.503,0.538,0.188,107.1,3.7,-12.7,1997,0,urbano,576126,69.0,0
0.25,0.61,0.58,0.322,198.6,3.54,-7.9,2025,1,pop,552823,68.7,0
0.485,0.05,0.458,0.349,78.2,2.71,-8.7,2004,0,pop,154873,35.4,0
0.693,0.798,0.303,0.559,173.7,3.52,-4.4,2014,1,pop,783559,81.0,1
0.677,0.321,0.225,0.08,144.8,3.27,-5.0,2020,0,electronica,428445,59.0,0
0.221,0.526,0.485,0.075,91.9,4.88,-7.9,2016,0,pop,274325,46.4,0
0.793,0.81,0.278,0.071,178.0,3.42,-8.2,1998,1,urbano,848246,85.2,1
0.198,0.304,0.128,0.479,96.8,3.61,-11.5,2003,0,urbano,167668,37.5,0
0.796,0.242,0.169,0.524,112.1,3.71,-4.8,2025,0,urbano,540863,67.5,0
0.785,0.699,0.198,0.314,87.6,3.24,-8.2,2018,1,electronica,531194,67.0,0
0.791,0.392,0.362,0.062,116.3,2.92,-6.2,2014,0,electronica,596756,69.9,0
0.124,0.596,0.432,0.747,118.7,3.87,-4.5,2008,0,rock,99488,27.3,0
0.593,0.43,0.7,0.333,140.8,3.87,-9.7,2024,1,rock,449441,60.8,0
0.195,0.778,0.121,0.303,181.0,5.17,-10.5,2017,1,electronica,231125,44.7,0
0.716,0.262,0.866,0.522,107.2,4.09,-0.6,2017,0,urbano,628482,74.2,1
0.33,0.724,0.438,0.266,60.0,4.11,-6.2,2023,1,urbano,535358,67.7,0
0.601,0.669,0.748,0.198,136.2,4.07,-8.8,2024,1,pop,650790,75.0,1
0.818,0.493,0.497,0.131,106.2,2.95,-4.3,2021,0,pop,855133,85.9,1
0.263,0.058,0.783,0.492,165.5,2.49,-8.9,2015,0,indie,94537,26.4,0
0.577,0.319,0.673,0.295,119.1,2.7,-7.0,2002,0,electronica,315068,50.3,0
0.691,0.123,0.463,0.428,101.0,4.05,-9.7,2003,0,urbano,170512,37.4,0
0.594,0.681,0.466,0.461,94.7,4.64,-8.1,1999,0,pop,370659,56.2,0
0.391,0.682,0.839,0.461,135.6,4.09,-8.8,2019,1,electronica,374671,56.6,0
0.149,0.918,0.518,0.644,113.1,3.37,-10.3,2005,0,indie,196574,39.8,0
0.429,0.647,0.477,0.363,156.7,4.84,-7.3,2002,1,indie,321298,50.8,0
0.123,0.249,0.515,0.387,114.7,3.15,-9.9,2017,0,rock,78282,24.1,0
0.636,0.674,0.248,0.65,155.4,2.58,-6.3,2012,0,rock,275141,47.7,0
0.815,0.574,0.19,0.166,85.5,3.7,-8.9,2002,0,pop,364392,55.0,0
0.45,0.62,0.903,0.1,76.5,4.53,-13.2,2006,0,pop,407705,56.8,0
0.642,0.555,0.188,0.516,140.7,2.82,-6.1,2009,0,pop,305597,51.3,0
0.284,0.787,0.584,0.456,108.4,2.14,-6.1,2019,0,rock,543983,67.2,0
0.338,0.351,0.889,0.046,113.4,3.53,-1.2,1995,1,indie,523975,66.0,0
0.33,0.645,0.243,0.249,94.7,4.12,-7.9,2018,0,electronica,442828,61.2,0
0.434,0.439,0.694,0.299,92.9,1.5,-7.5,1997,0,urbano,199989,40.1,0
0.353,0.478,0.539,0.515,135.9,4.28,-6.6,2021,0,urbano,328382,51.7,0
0.483,0.494,0.439,0.417,119.5,2.41,-4.9,1998,1,urbano,320235,51.6,0
0.5,0.536,0.496,0.135,93.5,4.08,-5.1,2002,0,urbano,666441,76.3,1
0.756,0.581,0.196,0.595,139.8,1.9,-7.0,2006,0,electronica,425193,60.3,0
0.367,0.637,0.209,0.548,149.4,2.32,-8.1,2025,1,electronica,271253,45.7,0
0.906,0.588,0.295,0.113,117.3,3.99,-5.5,2007,1,indie,629278,73.8,1
0.187,0.556,0.274,0.785,145.1,4.47,-8.2,2019,0,urbano,110185,29.2,0
0.782,0.576,0.541,0.403,95.0,3.49,-11.9,2002,1,rock,496540,63.9,0
0.344,0.241,0.07,0.505,134.4,5.42,-12.5,2006,1,indie,56087,20.6,0
0.453,0.46,0.47,0.367,124.0,2.68,-8.9,2011,0,rock,340300,53.0,0
0.626,0.581,0.694,0.379,100.2,2.67,-7.6,1998,1,pop,687918,76.2,1
0.875,0.901,0.489,0.445,171.3,3.26,-0.6,1995,0,urbano,778873,83.1,1
0.249,0.257,0.16,0.464,125.8,3.22,-8.4,2005,1,pop,190181,40.0,0
0.24,0.596,0.951,0.581,105.2,3.73,-7.9,2019,0,pop,117846,30.7,0
0.553,0.773,0.761,0.448,120.5,2.91,-9.2,1998,0,urbano,764335,79.0,1
0.488,0.461,0.303,0.335,98.3,3.95,-6.1,2020,1,electronica,342554,53.7,0
0.347,0.417,0.32,0.208,91.1,3.93,-7.2,2014,0,pop,320772,51.3,0
0.09,0.705,0.129,0.081,108.8,4.79,-9.9,2003,1,urbano,491329,65.7,0
0.819,0.692,0.666,0.499,110.5,3.11,-11.0,1998,0,urbano,487043,62.7,0
0.626,0.915,0.841,0.523,99.9,3.77,-9.2,2012,0,electronica,585568,70.9,1
0.79,0.607,0.601,0.593,151.3,3.98,-10.5,2008,1,pop,643656,74.7,1
0.868,0.686,0.496,0.709,100.9,3.49,-8.7,1998,1,pop,759755,81.1,1
0.451,0.427,0.176,0.253,96.7,3.33,-7.6,2015,0,rock,289388,46.8,0
0.69,0.574,0.831,0.053,90.4,1.85,-9.5,2020,1,urbano,883307,87.0,1
0.463,0.129,0.716,0.211,88.0,3.57,-3.6,2009,0,pop,307501,50.4,0
0.525,0.782,0.488,0.183,145.7,3.98,-4.5,2008,0,electronica,526063,69.8,0
0.906,0.471,0.122,0.637,126.5,3.45,-8.7,2022,1,urbano,677804,74.6,1
0.492,0.809,0.093,0.283,137.3,2.87,-10.9,2007,1,urbano,503617,65.9,0
0.606,0.429,0.822,0.906,145.5,2.16,-8.1,2002,0,rock,271236,47.7,0
0.452,0.429,0.618,0.341,111.7,3.86,-8.4,2021,0,pop,301957,50.4,0
0.313,0.759,0.473,0.455,156.8,3.53,-8.2,2011,0,pop,369347,54.1,0
0.812,0.665,0.539,0.547,104.3,4.61,-9.2,2024,0,urbano,440696,60.8,0
0.197,0.836,0.271,0.032,92.6,2.34,-11.1,2023,1,pop,394324,58.7,0
0.191,0.509,0.412,0.004,129.3,3.12,-7.9,2020,0,pop,449589,61.6,0
0.839,0.789,0.187,0.155,123.6,2.44,-9.1,2005,0,urbano,689222,77.9,1
0.21,0.451,0.556,0.456,123.6,4.32,-8.8,2017,0,urbano,292591,48.7,0
0.382,0.911,0.63,0.253,145.4,4.49,-7.7,2009,0,electronica,291723,49.2,0
0.516,0.822,0.196,0.224,122.7,5.04,-8.2,2018,1,rock,428890,61.4,0
0.281,0.508,0.603,0.622,127.8,3.92,-7.8,2023,0,indie,199605,40.1,0
0.778,0.635,0.144,0.187,154.0,4.13,-9.2,2017,1,urbano,731461,79.4,1
0.623,0.49,0.578,0.05,126.7,3.85,-6.9,2010,0,urbano,702293,79.2,1
0.346,0.299,0.434,0.258,132.4,3.96,-10.2,2025,0,urbano,258208,47.3,0
0.756,0.704,0.366,0.132,84.6,3.54,-11.3,2021,1,pop,686802,76.4,1
0.639,0.479,0.343,0.377,200.0,4.0,-10.7,2002,0,pop,462495,62.6,0
0.709,0.629,0.562,0.14,80.2,5.21,-10.0,2024,0,pop,438415,60.8,0
0.593,0.377,0.826,0.597,106.5,3.67,-11.9,2009,0,rock,314752,50.3,0
0.076,0.176,0.281,0.579,105.8,3.52,-13.1,2002,0,urbano,18475,11.8,0
0.281,0.643,0.303,0.124,172.7,3.66,-6.5,2004,1,pop,398897,57.6,0
0.419,0.57,0.729,0.079,105.0,3.38,-4.2,2019,0,electronica,652123,73.9,1
0.531,0.543,0.753,0.439,131.0,3.7,-6.3,2006,0,pop,485202,64.1,0
0.274,0.771,0.753,0.092,105.9,3.35,-9.4,2015,0,indie,434874,61.7,0
0.798,0.7,0.306,0.34,94.0,4.42,-13.1,2008,0,electronica,553177,69.2,0
0.565,0.17,0.671,0.063,134.3,4.34,-7.4,2025,0,urbano,573595,70.3,1
0.182,0.328,0.766,0.384,102.0,5.23,-12.8,1999,0,pop,108570,29.8,0
0.959,0.34,0.421,0.63,125.2,3.48,-8.3,2013,1,indie,556557,68.3,0
0.408,0.166,0.801,0.359,135.7,3.73,-10.4,2006,0,electronica,442677,60.9,0
0.552,0.443,0.533,0.109,167.7,3.7,-14.8,2019,0,indie,300768,50.2,0
0.742,0.728,0.281,0.073,88.4,3.66,-3.6,2024,0,pop,562185,68.0,0
0.514,0.465,0.923,0.378,116.2,4.4,-11.8,2005,0,rock,254633,45.9,0
0.86,0.462,0.178,0.04,117.2,2.2,-9.1,2023,0,pop,637721,72.1,1
0.585,0.451,0.665,0.203,120.0,3.87,-8.4,2013,0,urbano,332385,52.6,0
0.326,0.597,0.8,0.06,184.2,5.1,-9.4,1996,0,pop,252392,46.0,0
0.632,0.81,0.361,0.036,115.7,4.59,-6.6,2019,0,electronica,507397,66.4,0
0.725,0.54,0.29,0.003,60.0,4.5,-10.2,2012,1,urbano,627916,73.1,1
0.22,0.627,0.382,0.416,115.0,4.17,-6.9,2024,0,electronica,432666,61.2,0
0.935,0.803,0.935,0.102,117.0,3.02,-7.0,2009,0,pop,1024411,94.5,1
0.525,0.491,0.327,0.328,114.0,2.9,-12.1,2002,0,indie,154342,35.2,0
0.539,0.889,0.66,0.416,102.0,2.91,-7.3,2000,1,urbano,1121386,100.0,1
0.067,0.507,0.695,0.343,87.0,2.59,-11.2,1997,0,indie,125573,31.4,0
0.422,0.252,0.385,0.432,174.0,4.26,-11.5,2016,0,rock,82127,24.7,0
0.639,0.575,0.381,0.225,128.0,4.67,-7.1,2025,0,pop,371325,56.0,0
0.635,0.328,0.898,0.34,115.2,3.85,-9.2,2015,0,electronica,326064,51.7,0
0.425,0.3,0.916,0.763,173.2,4.14,-6.9,2013,0,rock,137626,32.7,0
0.258,0.717,0.583,0.645,98.3,3.73,-6.9,1995,1,pop,401909,59.0,0
0.57,0.534,0.744,0.375,135.1,3.96,-12.3,1995,0,pop,180772,37.7,0
0.165,0.944,0.443,0.103,88.8,1.81,-5.8,2010,1,indie,453595,60.9,0
0.792,0.234,0.042,0.432,138.8,3.75,-7.1,2011,1,indie,401811,57.0,0
0.143,0.312,0.292,0.239,91.6,3.16,-9.8,2008,1,rock,146241,34.6,0
0.771,0.622,0.059,0.183,131.8,3.47,-8.4,2024,0,pop,660107,76.4,1
0.376,0.254,0.427,0.186,168.8,3.68,-5.7,2005,0,urbano,222105,42.4,0
0.782,0.588,0.051,0.427,122.3,2.93,-9.0,2025,1,pop,487685,64.2,0
0.28,0.31,0.207,0.276,65.2,2.64,-1.7,2003,0,rock,221600,42.3,0
0.211,0.832,0.454,0.423,120.9,2.9,-3.5,2005,1,urbano,455856,62.2,0
0.548,0.469,0.9,0.205,132.0,2.34,-7.6,2004,0,urbano,431324,59.9,0
0.695,0.426,0.613,0.521,142.5,2.58,-8.7,2019,1,electronica,439904,63.2,0
0.768,0.492,0.502,0.1,156.8,2.69,-8.6,2005,0,indie,573924,69.1,0
0.443,0.433,0.68,0.438,158.1,2.35,-9.8,2009,0,pop,471315,61.5,0
0.335,0.243,0.422,0.441,116.7,3.92,-7.6,1998,0,urbano,252294,45.7,0
0.256,0.408,0.742,0.614,103.5,2.78,-5.9,2007,0,urbano,257005,45.6,0
0.391,0.175,0.121,0.172,92.0,2.01,-12.0,2001,0,pop,209451,40.0,0
0.092,0.271,0.621,0.513,106.5,3.18,-6.1,2018,0,urbano,155522,35.1,0
0.395,0.68,0.689,0.558,131.9,2.61,-5.2,2020,0,pop,571011,69.3,0
0.718,0.489,0.436,0.2,86.3,4.67,-6.3,2003,1,pop,684315,74.4,1
0.539,0.796,0.468,0.198,96.8,3.61,-8.4,2025,1,electronica,942853,87.8,1
0.566,0.254,0.579,0.443,134.1,2.32,-6.4,2008,1,urbano,331653,53.2,0
0.548,0.86,0.143,0.23,103.8,3.95,-4.1,2020,1,rock,449561,61.8,0
0.566,0.499,0.927,0.758,129.2,3.57,-8.2,2002,0,pop,468950,61.9,0
0.218,0.789,0.294,0.162,99.6,3.31,-7.9,2021,1,rock,374047,55.3,0
0.457,0.528,0.797,0.485,127.2,4.76,-1.6,1999,0,rock,400018,57.1,0
0.676,0.813,0.614,0.095,100.7,2.72,-7.1,2006,0,electronica,733456,82.8,1
0.477,0.723,0.101,0.411,72.5,4.33,-11.0,2006,0,pop,476596,65.3,0
0.201,0.494,0.229,0.348,143.9,3.17,-5.4,2000,0,rock,193462,38.3,0
0.519,0.577,0.248,0.463,102.6,3.49,-6.8,2024,0,indie,394190,56.6,0
0.702,0.169,0.393,0.277,113.8,2.9,-10.0,2004,0,pop,300580,49.4,0
0.724,0.654,0.396,0.628,102.7,2.95,-11.3,2007,1,pop,537656,68.8,0
0.791,0.392,0.884,0.614,133.6,3.15,-7.3,1995,0,urbano,494767,65.0,0
0.402,0.759,0.405,0.085,128.3,1.98,-8.2,2016,1,indie,391783,56.6,0
0.532,0.829,0.254,0.522,133.6,3.78,-11.7,2000,1,pop,661473,76.9,1
0.349,0.608,0.211,0.043,106.3,3.59,-8.3,2003,1,pop,299071,50.1,0
0.499,0.242,0.753,0.095,118.8,2.3,-8.5,2023,1,indie,356214,54.0,0
0.912,0.387,0.151,0.149,130.4,4.03,-8.2,2021,1,urbano,687997,76.1,1
0.756,0.543,0.831,0.203,158.6,4.67,-6.5,1998,0,pop,614852,73.0,1
0.865,0.754,0.842,0.355,127.7,2.97,-13.3,2014,0,rock,503949,64.2,0
0.205,0.552,0.354,0.19,94.9,2.87,-11.3,2018,0,pop,273892,46.6,0
0.23,0.663,0.686,0.236,126.7,4.39,-9.5,2024,0,urbano,325609,53.3,0
0.677,0.376,0.531,0.561,115.9,3.82,-4.0,2002,0,pop,222289,41.3,0
0.706,0.345,0.162,0.426,70.0,3.39,-0.9,2005,0,rock,465574,61.4,0
0.765,0.77,0.551,0.396,73.9,4.15,-8.0,2002,1,rock,423416,59.3,0
0.905,0.495,0.682,0.393,118.3,3.72,-7.9,2011,0,pop,440815,60.9,0
0.505,0.632,0.642,0.096,120.4,4.64,-15.3,2013,1,urbano,652925,73.8,1
0.356,0.785,0.544,0.279,112.6,3.49,-5.3,2000,0,indie,308047,49.9,0
0.4,0.449,0.085,0.024,142.1,3.84,-6.7,1995,0,urbano,299550,49.8,0
0.922,0.403,0.092,0.203,96.6,4.38,-7.2,1999,0,indie,339027,51.6,0
0.75,0.34,0.472,0.188,85.3,1.54,-11.7,2001,1,indie,380001,58.1,0
0.859,0.525,0.65,0.841,99.4,4.41,-2.1,2013,0,pop,455807,62.5,0
0.105,0.411,0.254,0.486,104.8,3.1,-3.4,2001,0,rock,169614,36.5,0
0.811,0.737,0.581,0.346,118.5,3.9,-7.1,2019,1,electronica,588378,70.8,1
0.219,0.624,0.364,0.226,100.1,4.83,-5.0,2014,0,rock,257616,45.3,0
0.649,0.709,0.38,0.211,66.5,3.26,-7.8,2001,1,electronica,654724,76.5,1
0.56,0.567,0.541,0.026,60.0,3.14,-5.5,2025,0,pop,757002,81.1,1
0.226,0.255,0.718,0.333,123.1,3.46,-11.9,2016,0,indie,73229,23.2,0
0.635,0.716,0.23,0.313,91.8,2.34,-14.8,2021,0,pop,402360,59.3,0
0.366,0.651,0.258,0.245,69.9,5.26,-11.8,2015,0,rock,326686,52.1,0
0.376,0.455,0.766,0.552,135.6,3.47,-10.4,2015,1,indie,367689,55.7,0
0.355,0.633,0.137,0.313,158.6,4.82,-9.9,2009,0,urbano,270214,46.7,0
0.294,0.343,0.594,0.24,117.6,3.23,-6.7,2015,0,rock,252056,45.0,0
0.673,0.741,0.291,0.143,126.7,3.53,-8.8,2018,0,rock,539777,67.5,0
0.644,0.881,0.165,0.501,126.9,4.26,-8.1,2025,0,indie,365320,55.3,0
0.485,0.546,0.467,0.051,62.2,2.62,-11.6,2013,0,urbano,515203,65.9,0
0.275,0.553,0.799,0.092,142.2,3.42,-11.8,2018,0,rock,371751,55.7,0
0.401,0.391,0.205,0.64,151.0,4.23,-7.9,2024,0,pop,165452,36.3,0
0.781,0.682,0.684,0.304,165.9,3.33,-9.6,2013,0,pop,617281,70.9,1
0.416,0.646,0.218,0.292,109.1,3.11,-8.0,2018,0,pop,340944,54.1,0
0.636,0.586,0.669,0.157,91.6,4.39,-6.4,2000,0,urbano,521023,66.0,0
0.454,0.918,0.516,0.519,154.0,4.62,-3.1,2022,1,urbano,647287,75.5,1
0.262,0.597,0.462,0.658,132.5,4.75,-8.1,2025,1,pop,352755,52.4,0
0.444,0.356,0.543,0.536,141.9,2.96,-2.6,2006,1,pop,331136,52.2,0
0.262,0.807,0.094,0.418,103.8,3.04,-6.8,2022,1,pop,556695,70.1,1
0.46,0.624,0.135,0.521,126.8,3.12,-5.9,2020,0,indie,266512,46.8,0
0.654,0.724,0.173,0.111,93.7,4.07,-4.8,2002,1,pop,775251,83.7,1
0.684,0.6,0.485,0.11,119.9,2.54,-5.8,2025,0,urbano,823806,85.3,1
0.687,0.84,0.846,0.471,111.3,2.59,-10.4,2013,0,electronica,475101,62.6,0
0.197,0.665,0.653,0.297,178.6,2.93,-4.8,2000,1,electronica,352836,52.9,0
0.358,0.455,0.765,0.223,133.7,2.75,-9.1,1998,1,rock,310763,49.7,0
0.11,0.858,0.356,0.169,66.2,4.21,-7.1,2010,0,pop,372418,55.7,0
0.757,0.655,0.171,0.318,120.0,4.15,-7.6,2011,1,pop,699658,76.8,1
0.355,0.609,0.579,0.108,129.2,3.11,-4.6,2021,0,pop,511765,64.9,0
0.538,0.449,0.522,0.677,108.2,3.34,-6.8,2010,0,electronica,289447,47.0,0
0.481,0.236,0.606,0.24,92.4,1.5,-12.2,2007,1,pop,436043,61.0,0
0.597,0.426,0.458,0.154,136.5,3.13,-1.7,2004,0,urbano,485052,62.4,0
0.439,0.368,0.338,0.345,96.0,4.5,-5.5,2010,1,pop,412473,59.7,0
0.667,0.509,0.197,0.424,134.4,3.09,-9.7,2003,1,urbano,503950,64.0,0
0.555,0.608,0.624,0.206,93.9,2.63,-11.4,2018,0,urbano,506197,66.0,0
0.41,0.835,0.344,0.216,106.7,4.6,-5.2,1999,1,urbano,594496,71.9,1
0.273,0.82,0.377,0.7,143.9,2.61,-11.1,2020,0,pop,463844,62.7,0
0.502,0.408,0.489,0.028,132.2,4.74,-5.6,2001,1,urbano,486580,64.8,0
0.747,0.285,0.744,0.421,120.8,5.81,-4.8,2001,1,pop,316474,50.7,0
0.363,0.768,0.407,0.046,119.3,3.41,-9.9,2025,0,urbano,734907,78.0,1
0.568,0.571,0.15,0.767,122.3,4.5,-10.2,2007,1,rock,287805,50.2,0
0.132,0.141,0.348,0.254,100.2,2.16,-9.4,2016,0,urbano,163886,36.2,0
0.538,0.454,0.417,0.141,82.1,2.13,-11.0,2007,0,pop,448710,62.4,0
0.332,0.937,0.639,0.11,134.2,2.86,-7.3,2025,0,rock,554578,67.6,0
0.911,0.488,0.262,0.423,158.3,4.16,-6.9,1999,0,urbano,870311,85.0,1
0.161,0.713,0.256,0.204,135.1,3.5,-5.8,2009,0,urbano,349152,53.9,0
0.749,0.087,0.539,0.032,126.4,3.35,-10.5,1997,0,pop,496257,65.4,0
0.138,0.508,0.361,0.793,89.8,2.47,-5.5,2012,0,indie,127134,32.4,0
0.644,0.143,0.723,0.605,141.9,3.4,-11.0,2018,1,urbano,502017,63.1,0
0.63,0.63,0.111,0.019,132.0,2.99,-5.5,2009,0,urbano,533440,65.8,0
0.516,0.898,0.421,0.499,139.0,2.76,-12.5,2021,1,pop,505764,67.4,0
0.599,0.754,0.474,0.22,145.8,2.69,-3.3,2018,0,rock,591361,70.2,1
0.168,0.512,0.375,0.252,159.7,3.65,-9.6,2024,1,pop,262737,47.1,0
0.502,0.275,0.626,0.251,92.1,2.92,-6.2,2025,1,electronica,378041,56.5,0
0.152,0.283,0.421,0.266,87.8,3.49,-6.0,2024,0,pop,231904,44.2,0
0.348,0.701,0.347,0.111,123.7,2.08,-11.8,2008,0,pop,444581,63.0,0
0.363,0.815,0.795,0.006,96.9,3.9,-5.5,2025,1,electronica,675008,76.1,1
0.691,0.807,0.483,0.12,92.6,3.69,-9.7,2015,1,urbano,843754,83.0,1
0.371,0.314,0.69,0.355,150.5,3.31,-8.9,1997,0,pop,193696,40.0,0
0.195,0.86,0.715,0.315,94.8,3.63,-10.0,1997,1,electronica,615052,71.4,1
0.408,0.509,0.576,0.19,119.7,4.25,-3.2,2007,1,indie,487166,63.0,0
0.865,0.566,0.615,0.211,79.2,2.34,-11.5,2012,0,urbano,810837,82.8,1
0.353,0.571,0.579,0.189,121.6,3.55,-6.7,1997,0,rock,203482,39.2,0
0.552,0.511,0.833,0.478,149.6,2.46,-9.9,2012,1,urbano,593477,70.0,1
0.878,0.383,0.036,0.384,150.3,3.57,-4.7,2016,0,rock,336045,51.2,0
0.964,0.47,0.236,0.495,146.1,3.29,-1.0,2016,1,electronica,731828,80.8,1
0.778,0.802,0.658,0.439,118.0,3.48,-9.9,2025,0,rock,650387,73.7,1
0.907,0.253,0.626,0.187,147.8,4.18,-7.6,2006,0,urbano,648444,72.7,1
0.551,0.655,0.662,0.045,130.8,4.15,-9.2,1996,0,pop,416452,59.7,0
0.915,0.667,0.473,0.102,109.0,4.37,-4.9,2024,0,urbano,596708,75.3,1
0.317,0.9,0.524,0.026,129.5,3.18,-8.7,2011,0,rock,359654,55.7,0
0.832,0.551,0.634,0.506,142.1,4.06,-5.3,2014,0,rock,520717,67.1,0
0.305,0.291,0.656,0.678,86.8,3.91,-9.2,2011,0,pop,201573,39.9,0
0.881,0.103,0.776,0.462,93.5,3.2,-1.3,2010,0,urbano,562386,69.7,0
0.562,0.786,0.646,0.129,116.4,3.59,-14.6,2000,1,electronica,449606,61.4,0
0.315,0.629,0.612,0.49,89.5,3.39,-6.9,2012,0,pop,359407,55.1,0
0.192,0.467,0.716,0.357,89.1,4.62,-8.0,2020,0,indie,284973,48.4,0
0.337,0.283,0.427,0.602,109.5,4.15,-8.1,1998,0,urbano,227027,42.9,0
0.73,0.831,0.508,0.825,144.8,3.23,-7.1,2007,0,electronica,529580,67.6,0
0.421,0.212,0.705,0.223,144.3,3.18,-7.8,2023,0,urbano,431296,59.3,0
0.225,0.557,0.88,0.078,128.0,4.27,-7.3,2008,0,urbano,372301,54.4,0
0.659,0.499,0.133,0.324,124.5,4.57,-6.8,2000,0,indie,385956,57.7,0
0.892,0.797,0.614,0.253,172.2,3.75,-2.8,2024,0,rock,806005,83.2,1
0.321,0.888,0.862,0.183,106.5,4.03,-16.3,1999,0,pop,440069,62.1,0
0.675,0.773,0.754,0.273,126.0,4.54,-2.5,2002,0,indie,536821,69.3,0
0.179,0.289,0.602,0.43,105.3,3.36,-0.3,2009,1,urbano,445285,60.1,0
0.49,0.54,0.566,0.036,87.8,3.57,-13.3,2006,0,rock,260113,44.6,0
0.496,0.602,0.633,0.281,149.6,3.89,-7.9,2007,0,pop,454850,62.1,0
0.428,0.534,0.257,0.423,112.4,3.16,-3.9,2018,1,electronica,698187,75.2,1
0.082,0.637,0.826,0.653,137.4,4.86,-5.2,2012,0,indie,263205,46.8,0
0.695,0.634,0.064,0.293,113.8,3.15,-3.0,2009,0,urbano,529930,67.2,0
0.598,0.357,0.711,0.272,151.2,3.55,-6.9,2016,1,pop,665192,73.5,1
0.68,0.435,0.072,0.186,95.1,5.03,-14.1,2013,1,rock,263249,47.0,0
0.416,0.473,0.736,0.006,149.1,2.01,-4.1,2014,0,pop,497021,63.8,0
0.587,0.472,0.612,0.061,142.4,3.67,-6.1,2009,0,urbano,488537,64.5,0
0.452,0.401,0.469,0.567,75.1,2.97,-3.6,2012,0,rock,225580,43.2,0
0.784,0.744,0.572,0.435,107.1,3.5,-12.6,2003,0,pop,496265,65.2,0
0.466,0.226,0.509,0.103,145.5,2.54,-11.6,2007,0,indie,317386,52.9,0
0.86,0.879,0.029,0.345,160.9,3.2,-8.0,2000,0,rock,488809,62.9,0
0.565,0.277,0.403,0.229,137.9,3.52,-4.0,1997,1,urbano,590132,70.6,1
0.391,0.638,0.655,0.004,110.1,3.69,-3.2,2021,0,urbano,535823,67.5,0
0.526,0.594,0.901,0.253,95.8,4.22,-10.2,2020,0,electronica,408190,59.0,0
0.356,0.821,0.45,0.468,134.2,1.64,-9.2,2003,0,urbano,379679,55.9,0
0.54,0.633,0.395,0.402,109.3,3.4,0.0,2009,0,indie,267802,46.1,0
0.383,0.64,0.075,0.682,110.4,3.36,-9.7,2025,0,pop,355507,54.5,0
0.437,0.474,0.344,0.228,114.4,3.45,-6.0,2011,0,pop,376716,55.1,0
0.656,0.39,0.502,0.352,142.0,3.53,-9.4,1995,0,urbano,362679,54.6,0
0.547,0.701,0.652,0.282,165.2,2.84,-6.6,2012,0,pop,460875,62.3,0
0.569,0.856,0.217,0.222,145.7,2.26,-10.6,2022,1,urbano,923461,88.4,1
0.755,0.829,0.733,0.103,120.2,3.67,-10.5,2002,1,urbano,828752,85.4,1
0.388,0.5,0.616,0.267,97.5,2.7,-9.1,2024,0,pop,377202,57.1,0
0.531,0.879,0.491,0.392,136.7,3.82,-9.6,2018,0,pop,648153,74.5,1
0.456,0.736,0.886,0.639,161.6,2.75,-8.9,1996,0,pop,340295,53.0,0
0.16,0.442,0.535,0.369,145.1,4.05,-6.4,2025,0,pop,371108,55.7,0
0.288,0.718,0.722,0.729,125.2,3.46,-2.3,2014,0,pop,405867,57.1,0
0.533,0.233,0.624,0.309,107.8,3.51,-9.8,2001,0,pop,211876,41.0,0
0.819,0.891,0.564,0.476,128.6,3.3,-11.0,2019,1,indie,579413,70.3,1
0.263,0.946,0.435,0.21,148.9,3.17,-8.0,2020,1,pop,452276,61.6,0
0.105,0.916,0.166,0.164,125.8,3.31,-10.6,2014,0,pop,349360,53.7,0
0.576,0.549,0.117,0.692,117.4,4.45,-12.9,2024,0,indie,150236,34.2,0
0.936,0.284,0.477,0.291,102.8,2.27,-4.8,2022,0,electronica,422815,59.4,0
0.682,0.292,0.542,0.106,184.7,2.98,-7.8,2004,0,pop,477012,63.5,0
0.297,0.591,0.322,0.759,97.7,4.35,-7.5,1999,1,electronica,231308,44.2,0
0.474,0.685,0.691,0.308,95.4,4.16,-13.8,2020,0,electronica,529838,67.7,0
0.348,0.473,0.144,0.249,124.1,4.57,-9.8,2024,1,electronica,410820,58.3,0
0.64,0.487,0.456,0.043,115.0,3.45,-12.2,2004,0,rock,392540,57.0,0
0.78,0.457,0.675,0.456,145.6,2.45,-8.1,2012,0,rock,455603,63.3,0
0.58,0.546,0.58,0.623,146.4,2.61,-7.6,2010,0,indie,182107,38.5,0
0.954,0.656,0.314,0.529,89.6,3.26,-7.6,2005,0,urbano,707447,79.1,1
0.464,0.316,0.567,0.384,101.1,4.11,-10.0,2011,0,electronica,314621,49.8,0
0.759,0.661,0.257,0.256,98.1,3.3,-10.6,2011,1,pop,759593,80.6,1
0.53,0.78,0.681,0.375,139.6,3.23,-8.6,2025,0,rock,463899,62.0,0
0.418,0.769,0.598,0.225,130.7,3.82,-6.9,2005,0,indie,336827,52.8,0
0.359,0.437,0.44,0.34,110.7,3.52,-9.7,1999,0,pop,250694,45.6,0
0.123,0.749,0.306,0.433,125.4,3.15,-10.8,2009,1,pop,458818,62.5,0
0.213,0.718,0.464,0.39,91.8,2.7,-10.7,1999,1,electronica,346235,53.1,0
0.707,0.549,0.74,0.488,101.4,4.26,-10.0,1999,0,electronica,277202,47.8,0
0.781,0.546,0.316,0.083,87.5,4.34,-9.4,2014,1,electronica,667488,75.0,1
0.396,0.747,0.469,0.036,123.6,2.65,-11.3,2021,1,indie,392010,57.0,0
0.356,0.782,0.032,0.608,123.5,3.18,-9.3,1998,1,pop,457788,61.7,0
0.532,0.106,0.784,0.695,95.4,4.03,-4.3,2007,0,rock,258119,45.6,0
0.135,0.681,0.678,0.392,130.5,2.59,-8.9,2000,1,rock,384219,57.0,0
0.164,0.668,0.557,0.284,146.4,3.79,-11.7,2009,1,pop,466291,62.9,0
0.528,0.724,0.684,0.4,94.2,3.24,-14.8,2013,0,pop,591044,69.9,0
0.401,0.749,0.764,0.452,111.8,2.53,-2.5,2023,0,rock,596031,69.2,0
0.728,0.228,0.368,0.514,132.8,4.92,-4.6,2022,0,rock,349427,53.0,0
0.592,0.149,0.482,0.191,119.8,3.23,-7.1,2023,0,rock,232992,45.4,0
0.539,0.109,0.311,0.246,85.7,3.92,-4.5,2008,1,urbano,273092,47.8,0
0.66,0.221,0.771,0.289,109.0,2.6,-6.4,2019,1,rock,363454,54.8,0
0.527,0.902,0.22,0.344,108.2,4.74,-8.2,2004,1,urbano,605908,73.1,1
0.642,0.722,0.95,0.036,115.7,5.06,-11.7,1995,0,pop,294033,50.0,0
0.514,0.756,0.311,0.326,116.8,2.3,-2.3,2023,1,rock,504883,65.7,0
0.306,0.645,0.212,0.776,159.2,3.37,-9.3,2023,1,rock,248516,44.7,0
0.207,0.527,0.733,0.397,114.8,4.56,-9.1,2000,0,electronica,320687,50.9,0
0.74,0.603,0.572,0.58,77.0,3.13,-7.9,2000,0,urbano,504200,65.6,0
0.382,0.737,0.581,0.339,122.3,3.83,-7.8,2023,1,electronica,460232,62.6,0
0.519,0.297,0.566,0.082,163.7,2.16,-6.3,2008,0,indie,371745,56.3,0
0.583,0.437,0.918,0.321,115.8,2.87,-6.6,2019,0,urbano,549538,67.7,0
0.632,0.377,0.433,0.03,109.0,3.74,-9.7,2022,1,urbano,570180,69.1,0
0.762,0.606,0.065,0.1,112.4,3.03,-7.9,2011,0,indie,376078,55.1,0
0.474,0.39,0.707,0.34,134.6,3.21,-6.4,1997,0,urbano,423796,59.4,0
0.344,0.064,0.545,0.247,112.3,2.29,-10.0,2013,1,rock,168517,37.4,0
0.657,0.543,0.336,0.164,82.1,4.02,-3.7,1999,0,rock,369701,55.7,0
0.342,0.65,0.937,0.15,103.2,2.43,-8.1,2016,0,urbano,702217,76.6,1
0.74,0.572,0.42,0.389,118.4,4.73,-3.2,2012,0,electronica,437384,62.2,0
0.545,0.29,0.132,0.631,133.4,2.95,-12.2,2008,0,pop,192093,39.3,0
0.337,0.637,0.435,0.324,105.4,4.14,-6.0,2009,0,pop,276200,47.3,0
0.478,0.449,0.052,0.807,112.6,4.06,-10.7,2024,0,pop,266772,45.2,0
0.763,0.305,0.582,0.766,121.1,2.71,-9.9,2007,0,electronica,268953,47.3,0
0.192,0.847,0.528,0.37,100.6,3.04,-5.3,2021,1,urbano,491870,64.5,0
0.116,0.323,0.522,0.146,117.7,3.13,-8.7,2020,0,rock,138735,32.2,0
0.374,0.428,0.853,0.234,131.7,3.19,-0.2,2025,0,pop,505230,65.9,0
0.565,0.542,0.169,0.279,90.3,2.46,-6.4,2022,0,urbano,336125,51.8,0
0.653,0.591,0.095,0.097,127.7,3.93,-10.1,2014,0,urbano,549192,67.8,0
0.306,0.877,0.6,0.454,92.7,2.95,-6.4,2025,0,pop,426092,59.9,0
0.227,0.439,0.52,0.151,93.2,3.41,-8.7,2016,0,urbano,408949,58.0,0
0.369,0.549,0.089,0.61,103.4,4.31,-5.5,1998,1,pop,328794,52.2,0
0.075,0.471,0.893,0.613,154.1,3.96,-8.9,1997,1,pop,280226,46.2,0
0.305,0.672,0.4,0.22,77.1,3.0,-6.8,2015,0,urbano,484723,66.0,0
0.776,0.664,0.568,0.051,108.4,4.33,-7.4,2011,1,rock,841817,85.8,1
0.702,0.394,0.252,0.493,119.3,4.03,-7.8,2022,0,pop,534135,67.5,0
0.79,0.64,0.781,0.564,149.2,2.94,-4.9,2011,0,urbano,504805,65.4,0
0.718,0.81,0.735,0.131,168.7,3.09,-13.4,2002,1,urbano,724580,77.6,1
0.296,0.56,0.21,0.379,109.4,4.3,-7.7,2021,0,indie,160002,35.9,0
0.788,0.095,0.44,0.392,133.5,4.12,-10.1,2009,0,rock,329090,51.7,0
0.556,0.681,0.52,0.04,117.6,2.3,-12.0,2024,0,indie,357179,54.2,0
0.372,0.656,0.325,0.081,117.5,2.7,-10.5,1995,1,urbano,408319,57.6,0
0.736,0.693,0.68,0.178,126.8,4.06,-9.9,1995,0,electronica,454671,61.9,0
0.538,0.782,0.771,0.235,80.4,2.56,-8.7,1999,0,pop,582313,70.0,1
0.396,0.676,0.221,0.533,118.8,4.14,-7.0,2024,0,rock,341111,53.2,0
0.541,0.597,0.788,0.388,131.3,5.05,-6.4,1998,0,urbano,289851,49.5,0
0.715,0.309,0.581,0.193,98.5,3.8,-9.2,2017,0,rock,363059,53.5,0
0.777,0.387,0.325,0.267,131.4,2.76,-3.2,2016,1,electronica,352791,54.7,0
0.861,0.544,0.66,0.425,76.8,3.64,-9.1,2022,0,rock,293170,49.4,0
0.806,0.171,0.447,0.368,122.3,4.33,-13.8,2014,0,pop,388071,57.6,0
0.647,0.793,0.681,0.121,153.6,3.58,-9.0,1995,0,rock,563284,68.7,0
0.533,0.32,0.893,0.18,114.5,3.89,-7.9,1996,0,electronica,377114,56.4,0
0.483,0.128,0.72,0.165,95.5,2.86,-17.8,1995,0,pop,396317,56.1,0
0.459,0.808,0.344,0.117,84.4,2.92,-4.4,2013,0,pop,375748,55.4,0
0.445,0.285,0.713,0.499,129.8,4.22,-8.3,2008,0,rock,92282,26.8,0
0.641,0.371,0.635,0.001,143.2,2.93,-11.5,1997,1,urbano,422690,60.3,0
0.485,0.754,0.677,0.235,118.6,1.5,-10.9,1995,0,pop,201330,40.3,0
0.513,0.802,0.274,0.418,108.4,3.25,-5.7,2001,0,indie,291713,48.5,0
0.374,0.685,0.381,0.488,71.7,3.75,-5.3,2009,1,indie,385906,56.7,0
0.651,0.567,0.311,0.345,123.1,4.35,-9.9,2022,0,urbano,504709,65.4,0
0.776,0.279,0.333,0.608,102.8,4.82,-12.1,2020,1,indie,347640,54.5,0
0.16,0.821,0.598,0.619,104.2,3.57,-7.6,2008,0,electronica,344295,51.5,0
0.782,0.384,0.671,0.52,160.4,4.03,-7.1,2003,0,rock,339103,53.1,0
0.93,0.673,0.642,0.421,75.0,3.6,-6.3,2019,1,electronica,688044,78.5,1
0.609,0.651,0.344,0.472,78.3,3.78,-9.7,2024,0,indie,380468,57.2,0
0.775,0.565,0.591,0.054,125.8,3.35,-8.4,2004,1,rock,436722,60.8,0
0.66,0.89,0.511,0.19,110.4,3.81,-7.9,2010,0,urbano,365543,53.4,0
0.495,0.772,0.325,0.316,107.0,2.92,-5.1,1998,0,pop,499869,65.1,0
0.337,0.834,0.192,0.539,126.8,5.08,-4.0,1999,0,urbano,319465,51.6,0
0.771,0.896,0.245,0.091,126.4,1.59,-3.2,2022,0,pop,913681,88.0,1
0.158,0.419,0.681,0.544,95.7,3.96,-4.1,2002,1,pop,362057,54.0,0
0.752,0.627,0.728,0.124,105.2,3.76,-2.6,2000,0,urbano,768946,80.6,1
0.805,0.435,0.534,0.08,121.2,3.8,-5.0,2004,0,urbano,586495,70.4,1
0.476,0.366,0.414,0.487,124.2,2.55,-9.8,2005,0,pop,205676,41.4,0
0.288,0.338,0.443,0.581,132.1,2.16,-3.4,2001,0,electronica,154380,35.4,0
0.625,0.605,0.564,0.296,105.4,3.98,-12.1,2016,0,pop,567879,71.2,1
0.645,0.654,0.728,0.344,128.7,4.57,-0.9,2012,0,rock,537617,67.7,0
0.603,0.678,0.888,0.156,143.8,3.68,-10.9,2013,0,rock,615066,72.9,1
0.145,0.708,0.559,0.692,121.2,4.14,-5.3,2025,0,indie,210222,41.5,0
0.78,0.807,0.27,0.284,117.4,3.13,-3.7,2023,1,pop,695298,76.9,1
0.432,0.276,0.7,0.66,114.1,3.77,-6.6,2003,0,pop,363803,55.5,0
0.702,0.933,0.209,0.069,104.6,4.48,-14.2,2025,0,rock,645870,74.7,1
0.101,0.376,0.19,0.511,96.6,3.25,-10.8,2016,0,rock,112904,29.9,0
0.172,0.701,0.872,0.527,112.5,4.45,-6.9,1999,0,electronica,312156,50.7,0
0.244,0.537,0.88,0.266,131.3,2.19,-6.1,2004,0,pop,391999,56.8,0
0.752,0.131,0.345,0.073,97.8,3.01,-8.5,2002,0,urbano,355159,55.4,0
0.81,0.846,0.675,0.267,118.1,3.94,-7.8,2019,0,pop,744517,79.5,1
0.154,0.807,0.31,0.507,115.2,5.02,-12.4,2014,0,rock,105419,28.5,0
0.617,0.589,0.575,0.236,164.4,3.51,-2.7,2019,0,urbano,599953,71.0,1
0.833,0.904,0.366,0.122,138.1,2.67,-9.1,1999,1,pop,953206,91.0,1
0.094,0.54,0.503,0.303,137.7,5.0,-5.6,2010,1,rock,266911,46.4,0
0.782,0.66,0.366,0.564,143.0,3.4,-3.8,2011,0,pop,626505,73.6,1
0.047,0.507,0.478,0.043,106.4,4.03,-11.5,2016,0,pop,329818,51.8,0
0.478,0.7,0.698,0.17,154.4,3.23,-7.6,2006,0,pop,501922,63.9,0
0.384,0.748,0.477,0.385,124.0,3.61,-7.2,1996,0,electronica,249588,45.4,0
0.432,0.81,0.911,0.131,118.9,3.05,-8.8,2022,0,rock,508656,66.0,0
0.55,0.598,0.159,0.331,89.6,5.31,-5.2,2008,1,urbano,404441,57.5,0
0.707,0.4,0.517,0.866,110.0,4.45,-10.0,2023,0,urbano,431273,60.6,0
0.816,0.971,0.862,0.919,75.9,4.91,-7.8,2007,0,indie,501800,65.8,0
0.713,0.848,0.616,0.445,113.8,2.87,-9.1,2003,0,pop,742047,79.4,1
0.5,0.94,0.227,0.31,105.6,2.04,-1.0,2009,0,pop,318932,51.6,0
0.262,0.14,0.456,0.66,110.0,3.27,-10.0,1997,0,electronica,72786,23.1,0
0.461,0.587,0.649,0.309,85.4,5.51,-5.8,2012,0,urbano,337621,53.2,0
0.275,0.552,0.327,0.376,137.6,3.24,-2.6,2025,0,indie,289074,49.3,0
0.615,0.849,0.352,0.013,134.8,4.34,-10.8,2002,0,rock,709981,78.1,1
0.182,0.746,0.391,0.663,162.2,2.68,-7.7,1999,1,rock,175783,37.2,0
0.464,0.668,0.594,0.176,161.5,2.84,-11.0,1999,1,rock,363171,54.6,0
0.35,0.533,0.244,0.647,123.9,3.44,-14.0,2000,0,pop,183604,38.0,0
0.674,0.443,0.506,0.136,145.6,5.19,-10.4,2007,0,indie,205283,41.0,0
0.855,0.324,0.47,0.228,126.5,4.38,-9.7,2002,0,urbano,403858,57.0,0
0.557,0.382,0.245,0.166,109.3,1.86,-9.5,2017,0,pop,316544,52.4,0
0.398,0.56,0.62,0.286,113.0,4.03,-8.9,2005,0,pop,461153,63.0,0
0.825,0.655,0.92,0.217,136.0,2.58,-8.0,2006,0,urbano,758322,80.8,1
0.555,0.478,0.438,0.421,200.0,2.95,-11.6,1999,1,pop,323417,52.2,0
0.329,0.877,0.318,0.42,149.2,3.91,-6.9,2012,0,pop,390599,57.3,0
0.323,0.664,0.651,0.407,126.2,4.62,-4.4,2004,0,pop,256369,46.4,0
0.419,0.222,0.323,0.267,132.1,4.58,-4.0,2016,1,indie,307028,50.4,0
0.657,0.81,0.447,0.092,131.9,3.77,-8.8,1995,0,rock,676857,75.6,1
0.467,0.684,0.509,0.603,117.7,3.78,-5.3,2014,0,urbano,297187,49.8,0
0.291,0.66,0.372,0.35,138.9,4.58,-10.0,2019,1,pop,386535,57.5,0
0.471,0.609,0.693,0.621,116.1,2.24,-9.0,2017,0,electronica,273350,47.6,0
0.815,0.543,0.29,0.526,94.7,4.96,-6.8,2003,0,rock,343861,52.4,0
0.717,0.512,0.583,0.002,132.0,2.91,-9.0,2016,0,pop,610624,70.9,1
0.522,0.781,0.513,0.71,135.4,3.71,-11.8,2020,0,indie,208616,41.3,0
0.617,0.344,0.018,0.61,116.4,3.1,-5.5,2011,1,pop,498305,64.3,0
0.714,0.627,0.392,0.498,127.7,2.58,-10.5,2015,0,pop,461913,62.3,0
0.443,0.586,0.584,0.296,144.0,3.87,-9.6,2020,0,urbano,427570,58.6,0
0.532,0.544,0.855,0.456,118.7,3.69,-4.8,2009,1,indie,452155,61.4,0
0.606,0.743,0.856,0.516,108.8,3.42,-6.4,1999,0,electronica,414252,59.0,0
0.805,0.887,0.301,0.135,102.3,3.38,-7.5,2025,1,rock,779808,80.0,1
0.893,0.402,0.322,0.813,113.7,4.72,-12.4,2005,0,urbano,197406,40.4,0
0.125,0.388,0.46,0.591,158.4,5.25,-11.5,2006,0,urbano,19138,11.6,0
0.358,0.389,0.534,0.172,115.0,4.5,-6.8,2014,1,urbano,334118,51.4,0
0.335,0.195,0.783,0.372,129.0,3.72,-6.1,2000,0,urbano,245614,44.2,0
0.76,0.579,0.548,0.494,111.9,2.19,-7.2,2005,0,electronica,274139,47.9,0
0.699,0.518,0.398,0.549,109.7,4.0,-9.4,2012,0,rock,294691,49.8,0
0.559,0.702,0.321,0.296,98.0,4.04,-9.5,2017,0,urbano,424320,60.9,0
0.671,0.736,0.683,0.33,122.5,4.12,-7.4,1999,0,indie,445599,59.7,0
0.642,0.443,0.917,0.337,107.1,2.59,-11.8,2020,0,pop,551403,69.6,0
0.747,0.578,0.604,0.267,151.8,4.18,-7.7,2003,0,pop,772017,80.7,1
0.719,0.596,0.538,0.15,117.3,4.75,-12.2,2023,0,urbano,576794,71.6,1
0.833,0.767,0.637,0.016,118.9,2.71,-11.2,2023,0,indie,555227,65.9,0
0.713,0.377,0.712,0.66,115.5,4.05,-7.5,2017,0,pop,486680,65.4,0
0.674,0.589,0.693,0.119,129.3,2.85,-6.3,2022,0,pop,829478,84.7,1
0.606,0.183,0.257,0.338,157.3,3.42,-7.0,1999,0,urbano,232778,42.6,0
0.554,0.218,0.314,0.304,94.0,2.74,-11.3,2009,0,indie,120143,31.0,0
0.541,0.22,0.397,0.308,126.9,3.22,-13.6,1999,1,urbano,232384,43.0,0
0.583,0.581,0.201,0.21,80.8,3.23,-8.0,2009,1,rock,376790,56.2,0
0.801,0.307,0.556,0.401,150.6,3.83,-13.7,2013,1,electronica,506833,65.0,0
0.676,0.255,0.835,0.652,117.3,4.21,-5.2,2012,1,rock,562219,67.9,0
0.396,0.406,0.172,0.449,82.6,4.47,-11.2,1997,0,pop,256407,46.0,0
0.075,0.588,0.712,0.47,88.1,2.98,-1.3,1997,0,pop,324361,50.5,0
0.47,0.859,0.464,0.068,140.3,3.79,-10.9,2025,1,pop,683116,76.1,1
0.746,0.66,0.561,0.702,78.4,2.62,-6.6,2002,1,electronica,609769,69.9,0
0.804,0.323,0.538,0.392,127.0,3.41,-10.2,2010,0,electronica,453529,62.5,0
0.518,0.22,0.768,0.538,109.3,3.53,-8.5,2012,0,pop,442353,61.5,0
0.288,0.07,0.442,0.268,115.1,2.76,-7.4,1999,0,urbano,192171,39.4,0
0.421,0.657,0.487,0.9,103.2,3.95,-5.4,2004,0,pop,324274,52.7,0
0.745,0.277,0.629,0.417,96.2,3.38,-4.9,2013,1,urbano,554925,67.6,0
0.489,0.7,0.267,0.154,107.8,3.62,-5.8,2001,0,urbano,496909,64.8,0
0.633,0.871,0.625,0.091,134.3,4.48,-4.9,2019,0,indie,504033,66.4,0
0.464,0.934,0.941,0.028,112.7,3.16,-9.8,2015,0,urbano,571849,70.6,1
0.303,0.62,0.291,0.461,130.5,4.18,-6.1,2025,0,pop,403417,58.8,0
0.677,0.823,0.636,0.234,113.9,4.65,-9.0,2012,0,urbano,845974,84.4,1
0.411,0.315,0.429,0.539,135.3,4.61,-5.0,2019,0,indie,171433,36.7,0
0.059,0.744,0.188,0.589,130.4,3.35,-7.7,2005,0,urbano,257625,45.9,0
0.335,0.53,0.73,0.236,106.5,2.72,-6.1,2016,1,electronica,535342,67.7,0
0.418,0.188,0.411,0.068,96.2,2.93,-7.1,2024,0,urbano,342365,53.4,0
0.729,0.514,0.182,0.702,143.9,2.23,-5.7,2020,0,rock,359880,53.1,0
0.351,0.733,0.688,0.248,99.7,4.05,-10.4,2019,0,urbano,453353,61.9,0
0.721,0.351,0.877,0.545,132.5,4.1,-12.7,2008,0,electronica,333942,51.8,0
0.289,0.566,0.884,0.179,120.8,3.59,-5.0,2013,0,rock,416663,59.3,0
0.473,0.654,0.496,0.08,108.4,2.4,-4.0,2013,0,urbano,629825,71.4,1
0.782,0.276,0.618,0.388,130.7,3.21,-8.3,2001,0,electronica,475939,64.5,0
0.608,0.208,0.734,0.305,154.2,4.6,-5.6,2003,1,pop,428354,59.1,0
0.635,0.649,0.601,0.391,135.6,3.99,-12.9,2015,0,pop,357739,55.1,0
0.543,0.437,0.657,0.146,123.2,4.13,-9.9,2014,0,pop,598033,68.9,0
0.528,0.697,0.21,0.186,160.5,6.15,-7.8,2016,0,rock,154384,34.6,0
0.61,0.651,0.33,0.739,78.1,3.76,-13.2,2013,0,electronica,252934,46.6,0
0.443,0.631,0.885,0.707,92.2,1.77,-12.6,2013,1,rock,266300,47.3,0
0.149,0.295,0.718,0.285,108.4,2.62,-7.5,2011,0,urbano,136218,32.4,0
0.359,0.275,0.636,0.051,155.5,3.74,-9.8,2014,0,pop,317489,50.6,0
0.46,0.75,0.184,0.186,143.6,3.51,-9.0,2006,1,indie,454671,61.2,0
0.587,0.835,0.175,0.309,77.1,3.36,-9.2,2000,0,pop,437807,60.4,0
0.609,0.747,0.178,0.559,109.1,3.38,-11.9,2015,0,pop,569670,69.9,0
0.282,0.776,0.45,0.271,86.9,2.87,-8.7,2005,0,electronica,487729,63.0,0
0.388,0.803,0.582,0.377,119.0,3.8,-8.0,2018,0,indie,432653,61.0,0
0.568,0.39,0.555,0.216,142.5,4.62,-9.7,2022,1,pop,284287,48.2,0
0.579,0.813,0.314,0.143,144.4,4.89,-9.5,2007,1,urbano,739995,80.6,1
0.677,0.519,0.745,0.597,126.7,4.86,-8.6,1999,1,electronica,379677,56.8,0
0.577,0.565,0.702,0.943,109.4,2.74,-5.5,1995,1,pop,604860,72.3,1
0.78,0.432,0.437,0.715,117.6,3.48,-8.3,2013,0,indie,259330,46.5,0
0.177,0.61,0.889,0.303,137.1,3.25,-13.8,2022,0,urbano,369506,54.9,0
0.331,0.679,0.069,0.452,178.7,3.97,-11.6,2022,0,urbano,313651,52.0,0
0.534,0.784,0.355,0.061,90.4,3.43,-5.2,2022,1,pop,596968,70.8,1
0.464,0.495,0.217,0.235,159.7,3.32,-10.1,1995,0,pop,183509,38.7,0
0.706,0.757,0.85,0.165,126.1,4.66,-8.3,1996,0,pop,346370,53.5,0
0.281,0.682,0.455,0.432,140.5,3.58,-2.2,2024,0,urbano,794951,83.1,1
0.474,0.937,0.914,0.213,124.6,3.6,-6.1,2015,0,indie,364281,55.4,0
0.667,0.657,0.119,0.295,155.1,3.83,-14.4,2022,1,urbano,402105,56.8,0
0.807,0.882,0.195,0.321,128.2,4.04,-3.7,2025,1,urbano,931073,90.6,1
0.787,0.234,0.617,0.045,103.8,4.05,-7.6,2017,0,urbano,410702,57.9,0
0.307,0.237,0.33,0.267,131.3,4.74,-6.9,2007,0,pop,95749,26.9,0
0.508,0.853,0.479,0.105,148.2,2.47,-7.1,2016,1,rock,284859,48.5,0
0.372,0.391,0.778,0.27,120.0,3.76,-5.3,2014,0,urbano,427573,61.0,0
0.411,0.648,0.618,0.524,68.1,3.42,-8.2,2021,0,urbano,335820,53.4,0
0.562,0.764,0.227,0.213,117.1,3.26,-12.4,2021,1,rock,587931,69.3,0
0.761,0.726,0.641,0.378,122.5,4.11,-7.0,2000,0,urbano,627291,72.6,1
0.745,0.731,0.429,0.203,118.9,4.54,-12.1,2022,0,electronica,540454,67.5,0
0.814,0.88,0.173,0.051,107.6,3.03,-2.6,2016,0,rock,615641,73.1,1
0.68,0.471,0.456,0.29,153.1,4.85,-9.1,2017,0,pop,408411,56.8,0
0.46,0.767,0.777,0.142,60.7,2.35,-8.2,2005,0,pop,419227,60.0,0
0.587,0.36,0.714,0.12,122.3,3.97,-10.0,2010,0,pop,363727,54.8,0
0.425,0.579,0.539,0.088,122.7,2.79,-7.0,2022,0,indie,268036,46.4,0
0.902,0.671,0.745,0.375,172.4,2.99,-6.6,1999,0,electronica,809152,85.4,1
0.551,0.497,0.365,0.694,119.6,3.55,-10.0,2011,1,indie,248663,45.5,0
0.761,0.46,0.217,0.751,131.1,3.18,-6.6,2024,0,electronica,194575,39.8,0
0.798,0.724,0.778,0.162,123.1,1.5,-7.8,2018,0,indie,546103,67.1,0
0.7,0.472,0.169,0.121,122.4,3.99,-8.3,1999,0,urbano,371236,55.9,0
0.32,0.837,0.589,0.461,164.1,4.12,-10.3,2000,0,rock,281588,49.1,0
0.421,0.706,0.843,0.392,92.2,3.37,-1.1,2010,0,urbano,518376,67.8,0
0.476,0.764,0.24,0.352,103.3,3.31,-4.5,2002,1,electronica,640906,74.9,1
0.266,0.434,0.3,0.593,138.9,3.2,-5.8,2022,0,indie,138292,33.8,0
0.472,0.205,0.519,0.579,126.4,2.13,-4.6,2020,0,electronica,311408,50.0,0
0.712,0.561,0.667,0.276,112.9,2.05,-7.1,2024,1,electronica,708157,77.0,1
0.616,0.609,0.252,0.291,118.2,4.14,-9.0,2007,0,indie,203952,40.5,0
0.093,0.462,0.173,0.193,142.8,4.35,-15.9,2003,1,pop,198526,40.1,0
0.519,0.63,0.666,0.139,132.1,3.98,-11.7,2011,1,urbano,522767,65.7,0
0.792,0.751,0.656,0.732,102.2,3.8,-1.5,1998,0,electronica,433873,59.6,0
0.214,0.778,0.226,0.379,125.9,4.13,-4.5,2017,0,rock,178030,38.3,0
0.562,0.968,0.747,0.253,118.8,4.07,-7.4,2021,0,urbano,822153,85.5,1
0.681,0.488,0.277,0.336,131.8,2.87,-12.7,2000,0,urbano,727060,78.2,1
0.432,0.619,0.59,0.415,112.0,3.68,-6.1,2001,0,pop,328113,51.8,0
0.481,0.541,0.282,0.233,89.8,3.26,-8.8,2004,0,indie,290199,48.3,0
0.697,0.323,0.464,0.149,136.8,3.27,-5.9,2019,1,electronica,559928,69.9,0
0.83,0.55,0.382,0.047,133.7,4.41,-11.3,2005,0,rock,390582,57.7,0
0.548,0.089,0.748,0.199,155.4,4.76,-9.5,2017,0,pop,437701,60.1,0
0.248,0.84,0.307,0.139,87.1,1.62,-5.3,2023,1,pop,699092,78.3,1
0.294,0.386,0.357,0.426,118.2,3.3,-2.2,2008,0,urbano,242033,45.4,0
0.321,0.621,0.469,0.322,114.2,3.25,-10.0,1999,0,pop,488176,64.8,0
0.345,0.37,0.669,0.751,110.1,4.43,-11.0,2023,0,pop,192328,39.4,0
0.752,0.55,0.578,0.546,81.5,2.34,-4.9,2006,1,pop,496805,63.0,0
0.71,0.564,0.707,0.179,93.3,1.5,-11.8,2013,0,pop,443840,61.8,0
0.35,0.56,0.518,0.492,126.8,4.16,-11.6,2024,0,pop,402700,58.0,0
0.717,0.261,0.373,0.577,107.5,4.27,-7.2,2022,0,electronica,335948,51.0,0
0.66,0.28,0.436,0.351,99.3,2.07,-1.7,2020,0,rock,392988,58.2,0
0.401,0.773,0.106,0.384,155.8,3.4,-10.5,2005,0,urbano,407485,57.7,0
0.425,0.44,0.803,0.217,179.3,4.72,-9.1,2015,0,indie,371970,56.2,0
0.412,0.543,0.288,0.142,118.6,2.64,-7.7,2005,0,urbano,443817,60.6,0
0.96,0.787,0.686,0.085,82.4,3.58,-9.4,2012,0,electronica,1098386,94.7,1
0.411,0.807,0.32,0.129,129.9,3.91,-13.3,2005,0,pop,343129,52.6,0
0.441,0.612,0.142,0.101,67.9,2.36,-5.6,2021,0,pop,401314,57.7,0
0.529,0.388,0.794,0.116,86.2,3.05,-7.4,2018,1,urbano,588189,71.8,1
0.67,0.81,0.67,0.137,130.3,2.15,-6.9,2024,0,indie,448590,61.5,0
0.114,0.439,0.353,0.132,85.4,3.37,-8.4,2003,0,indie,88271,26.3,0
0.41,0.072,0.504,0.017,112.6,2.87,-3.5,2023,0,urbano,381220,57.6,0
0.682,0.607,0.824,0.188,82.9,3.67,-9.5,2002,0,electronica,576817,72.4,1
0.411,0.658,0.197,0.144,121.4,4.01,-11.2,2014,0,pop,378193,56.8,0
0.265,0.862,0.652,0.166,148.1,4.61,-3.0,2000,1,rock,549871,68.3,0
0.719,0.33,0.203,0.578,104.7,5.37,-14.6,2017,0,pop,151239,34.0,0
0.838,0.481,0.093,0.206,119.5,3.67,-8.5,2019,0,rock,395903,58.1,0
0.71,0.86,0.31,0.471,99.6,3.25,-8.2,2019,0,pop,474805,63.0,0
0.487,0.233,0.278,0.088,101.4,3.2,-8.3,2003,1,rock,294687,50.5,0
0.651,0.499,0.752,0.405,99.2,2.73,-12.7,2020,0,urbano,552379,69.3,0
0.746,0.649,0.363,0.592,139.6,3.86,-11.6,1999,0,rock,458722,64.5,0
0.218,0.8,0.317,0.054,84.7,3.1,-5.1,2017,0,pop,349299,51.9,0
0.496,0.563,0.504,0.47,111.7,3.91,-3.8,2009,0,urbano,486419,63.8,0
0.477,0.509,0.831,0.254,130.2,2.75,-9.3,2000,0,urbano,614697,72.2,1
0.638,0.689,0.691,0.531,142.7,3.13,-10.8,2025,0,pop,446996,60.7,0
0.882,0.91,0.18,0.453,131.0,3.85,-13.4,2018,1,urbano,659913,72.2,1
0.454,0.537,0.68,0.569,118.2,3.4,-5.2,1999,1,pop,303794,50.3,0
0.746,0.937,0.729,0.56,105.8,1.96,-5.0,2007,0,urbano,742421,81.2,1
0.545,0.479,0.719,0.236,143.1,3.49,-16.4,2017,0,urbano,402125,56.1,0
0.605,0.536,0.603,0.295,98.3,2.86,-15.3,2001,0,urbano,467398,63.9,0
0.62,0.31,0.139,0.059,98.7,4.45,-7.6,2009,1,urbano,443135,59.7,0
0.241,0.588,0.524,0.302,153.8,4.28,-7.2,1998,0,pop,455536,61.9,0
0.451,0.834,0.644,0.63,129.0,1.67,-9.4,1995,0,pop,424942,59.2,0
0.288,0.713,0.585,0.639,129.9,4.14,-8.1,2002,0,rock,173038,38.0,0
0.613,0.891,0.116,0.315,135.0,3.81,-8.7,2017,0,electronica,505675,62.7,0
0.745,0.697,0.383,0.781,117.6,2.31,-7.9,2010,0,pop,533569,67.6,0
0.479,0.508,0.366,0.429,84.1,4.2,-10.7,2004,1,pop,272470,47.7,0
0.465,0.821,0.839,0.126,126.3,2.48,-8.0,2002,0,electronica,670089,75.1,1
0.745,0.692,0.638,0.13,119.5,4.42,-10.0,2019,0,urbano,623817,73.7,1
0.517,0.183,0.704,0.64,98.5,2.98,-10.3,2015,0,pop,356739,54.0,0
0.744,0.331,0.485,0.044,92.8,2.29,-13.6,2021,0,pop,426202,60.9,0
0.536,0.322,0.738,0.55,118.8,5.2,-8.5,2024,0,indie,162012,35.8,0
0.706,0.184,0.664,0.401,86.1,2.26,-5.6,2014,0,urbano,349569,54.3,0
0.645,0.564,0.609,0.149,116.4,2.86,-9.0,1996,0,pop,691905,78.0,1
0.375,0.419,0.846,0.926,113.4,3.01,-9.1,2024,1,urbano,349682,54.6,0
0.283,0.424,0.795,0.288,117.0,3.14,-4.2,1999,0,pop,692404,76.0,1
0.563,0.572,0.789,0.231,130.1,4.06,-4.9,2016,0,pop,564501,69.6,0
0.472,0.799,0.524,0.281,135.5,3.55,-2.8,2002,1,indie,392076,57.3,0
0.462,0.829,0.873,0.431,102.2,4.3,-1.2,2018,0,urbano,455361,61.4,0
0.799,0.641,0.961,0.695,141.7,3.8,-7.8,2019,0,rock,711727,76.8,1
0.697,0.898,0.301,0.096,114.5,2.16,-11.5,2019,0,indie,450914,62.4,0
0.675,0.703,0.097,0.324,163.8,3.94,-9.6,2003,0,pop,544835,67.7,0
0.059,0.078,0.888,0.382,105.4,3.69,-6.3,2014,1,pop,422691,60.3,0
0.696,0.513,0.57,0.113,79.7,3.0,-3.7,2000,0,pop,643493,74.4,1
0.456,0.29,0.234,0.384,140.8,5.16,-11.1,2022,1,rock,225591,42.0,0
0.622,0.25,0.255,0.221,130.6,3.99,-7.2,1999,0,urbano,438674,62.9,0
0.173,0.651,0.51,0.109,150.0,4.25,-10.4,2021,1,urbano,505969,66.3,0
0.373,0.888,0.268,0.642,127.7,4.28,-8.4,1999,0,pop,225905,42.9,0
0.547,0.448,0.495,0.563,178.5,3.16,-8.5,2003,0,pop,483282,63.4,0
0.558,0.753,0.689,0.31,115.3,4.01,-6.9,2017,0,urbano,624452,71.6,1
0.463,0.321,0.131,0.172,146.2,3.75,-1.9,2024,1,pop,584335,72.4,1
0.773,0.409,0.065,0.298,106.9,3.05,-6.6,2016,0,electronica,488115,62.7,0
0.438,0.855,0.431,0.035,132.3,2.52,-9.3,2005,0,indie,516316,65.5,0
0.587,0.572,0.489,0.647,137.0,3.52,-9.8,2004,0,indie,252556,45.5,0
0.295,0.366,0.652,0.106,140.8,3.97,-8.6,2014,0,urbano,214788,42.6,0
0.623,0.18,0.188,0.247,139.4,3.51,-10.6,2008,0,pop,342582,53.7,0
0.661,0.357,0.639,0.361,60.0,3.35,-7.6,2001,0,urbano,578685,69.0,0
0.595,0.045,0.617,0.793,118.3,3.52,-15.2,2014,0,pop,170988,36.9,0
0.609,0.47,0.777,0.454,105.6,3.27,-8.6,2008,0,indie,318967,51.4,0
0.728,0.314,0.74,0.453,110.6,4.74,-8.4,2025,0,rock,171109,37.5,0
0.559,0.671,0.471,0.657,112.9,3.72,-11.5,1995,0,pop,352510,53.4,0
0.718,0.974,0.605,0.274,144.4,3.11,-9.1,2018,0,electronica,546401,68.2,0
0.437,0.719,0.486,0.398,125.1,2.05,-4.6,2019,0,pop,490177,64.5,0
0.266,0.562,0.458,0.275,107.3,3.34,-4.4,2019,1,electronica,437249,60.6,0
0.575,0.68,0.312,0.295,83.3,3.04,-9.6,2016,0,urbano,501464,65.7,0
0.868,0.754,0.683,0.357,158.3,3.01,-6.4,2025,0,electronica,893856,89.3,1
0.225,0.767,0.919,0.265,103.8,4.25,-12.5,2004,0,indie,278715,48.9,0
0.892,0.563,0.123,0.306,116.7,3.56,-8.9,2006,0,urbano,580001,70.9,1
0.354,0.35,0.633,0.295,173.5,2.15,-7.3,2023,1,rock,322064,53.0,0
0.498,0.642,0.613,0.391,104.5,4.0,-3.4,1997,1,pop,470382,62.4,0
0.386,0.606,0.637,0.178,113.1,2.23,-4.4,2020,0,electronica,511320,66.4,0
0.711,0.511,0.239,0.132,125.8,4.05,-7.4,2018,0,urbano,436091,60.8,0
0.699,0.352,0.117,0.137,79.9,3.12,-10.7,2013,0,indie,329885,52.2,0
0.493,0.444,0.358,0.066,77.0,3.57,-3.9,1998,0,indie,399029,58.4,0
0.785,0.705,0.349,0.302,108.0,3.48,-9.0,2013,0,pop,468182,63.9,0
0.819,0.839,0.713,0.215,108.8,3.38,-6.7,2008,0,pop,615720,72.2,1
0.647,0.829,0.599,0.159,123.4,3.67,-8.4,1997,1,rock,514785,64.0,0
0.476,0.865,0.471,0.172,95.6,3.57,-2.0,2017,1,urbano,1041902,94.2,1
0.582,0.762,0.448,0.235,130.8,5.0,-9.8,2020,0,pop,423367,58.3,0
0.438,0.546,0.804,0.417,66.1,3.68,-5.3,2012,0,urbano,341156,54.2,0
0.376,0.561,0.42,0.135,118.2,3.7,-8.3,2000,1,urbano,501012,65.2,0
0.293,0.583,0.661,0.315,129.0,2.93,-6.3,2006,0,urbano,168967,36.8,0
0.396,0.846,0.884,0.334,128.2,3.8,-3.1,2011,1,pop,580899,68.7,0
0.371,0.693,0.61,0.309,115.9,2.68,-14.0,2010,0,pop,542366,66.8,0
0.648,0.912,0.514,0.485,103.5,4.42,-8.2,2013,0,pop,459897,62.3,0
0.666,0.78,0.123,0.688,115.2,2.31,-10.7,2002,0,rock,267093,48.4,0
0.463,0.785,0.213,0.075,150.8,2.83,-6.7,2019,0,urbano,563070,70.4,1
0.284,0.144,0.334,0.733,105.0,2.2,-5.9,1997,0,urbano,150719,34.2,0
0.475,0.841,0.858,0.17,144.5,3.84,-9.4,2025,0,indie,438395,60.9,0
0.957,0.584,0.815,0.287,148.4,3.16,-9.6,2007,0,indie,637178,73.9,1
0.354,0.808,0.552,0.071,76.6,4.05,-7.4,2020,0,pop,705782,77.1,1
0.691,0.316,0.208,0.188,116.8,2.72,-11.8,1996,0,electronica,225022,41.9,0
0.496,0.191,0.55,0.514,95.6,3.93,-7.0,2015,1,pop,301816,50.4,0
0.755,0.555,0.608,0.394,82.5,3.96,-10.5,2025,0,rock,469010,62.2,0
0.173,0.249,0.37,0.302,139.8,3.67,-5.8,2024,0,pop,295546,48.0,0
0.426,0.736,0.811,0.108,131.8,3.52,-12.0,2008,0,pop,539833,66.1,0
0.666,0.579,0.832,0.378,126.6,3.61,-9.7,2006,0,indie,388016,57.3,0
0.262,0.503,0.386,0.836,92.9,2.77,-10.3,2022,1,rock,114848,29.8,0
0.518,0.324,0.592,0.255,125.3,2.64,-8.9,2014,0,urbano,300682,49.1,0
0.229,0.601,0.345,0.297,87.2,3.94,-3.9,2024,1,indie,328051,52.0,0
0.196,0.447,0.37,0.569,121.9,3.21,-5.5,2002,0,pop,174857,37.5,0
0.627,0.405,0.512,0.112,103.5,3.86,-9.4,2008,0,pop,391867,58.7,0
0.646,0.447,0.297,0.665,146.3,4.74,-9.4,2004,0,urbano,293142,49.7,0
0.48,0.304,0.481,0.286,110.9,3.13,-5.3,2008,1,rock,577133,70.8,1
0.583,0.624,0.697,0.031,125.8,3.02,-11.5,2022,1,rock,503731,66.5,0
0.768,0.926,0.163,0.337,125.8,3.24,-7.9,2022,0,urbano,907306,88.7,1
0.563,0.789,0.405,0.497,118.1,3.53,-9.8,2013,0,urbano,683379,75.5,1
0.532,0.929,0.819,0.414,122.6,3.99,-8.5,1996,0,urbano,685935,77.2,1
0.257,0.797,0.151,0.773,127.6,3.48,-5.6,2008,0,urbano,220533,43.7,0
0.538,0.927,0.635,0.612,97.6,5.16,-10.0,2010,0,pop,434210,60.4,0
0.177,0.446,0.432,0.453,130.1,3.84,-5.1,2017,1,pop,283923,48.0,0
0.37,0.56,0.468,0.355,141.6,4.12,-1.4,2003,1,rock,580293,70.0,1
0.333,0.625,0.542,0.163,129.9,3.47,-6.2,2012,0,electronica,418416,59.8,0
0.195,0.589,0.048,0.472,111.1,4.31,-8.3,2018,0,urbano,211694,42.1,0
0.546,0.612,0.474,0.499,124.4,3.34,-4.5,2012,0,urbano,718612,77.5,1
0.572,0.625,0.341,0.153,110.9,2.98,-11.3,2020,1,rock,447329,60.9,0
0.2,0.614,0.68,0.02,117.0,4.22,-3.4,2002,1,pop,508191,66.2,0
0.401,0.45,0.513,0.483,90.3,3.45,-10.3,2014,1,rock,355922,55.6,0
0.525,0.554,0.368,0.319,154.5,3.7,-1.5,2009,1,urbano,614115,72.1,1
0.317,0.723,0.328,0.598,168.4,4.29,-10.2,2007,0,urbano,287284,49.2,0
0.711,0.798,0.676,0.661,102.4,3.61,-6.0,2008,0,pop,704367,77.3,1
0.779,0.631,0.954,0.233,139.7,3.38,-12.7,2012,1,indie,537721,67.3,0
0.475,0.622,0.716,0.181,156.4,3.07,-8.6,2010,0,pop,664730,73.0,1
0.554,0.831,0.654,0.208,96.1,4.35,-11.2,2012,1,pop,600609,71.6,1
0.497,0.14,0.111,0.444,66.0,3.23,-12.3,2024,0,urbano,380621,54.5,0
0.365,0.838,0.54,0.264,157.9,3.46,-4.4,2014,0,electronica,597106,71.2,1
0.227,0.825,0.683,0.146,119.7,3.73,-11.7,2011,0,electronica,433866,60.9,0
0.126,0.356,0.241,0.16,107.0,3.73,-10.2,2023,1,urbano,278246,48.5,0
0.768,0.517,0.344,0.106,121.2,4.31,-10.6,2002,0,urbano,625893,74.1,1
0.488,0.594,0.769,0.705,110.8,3.44,-4.6,2002,0,urbano,504493,64.8,0
0.898,0.871,0.38,0.764,194.0,4.6,-4.9,1998,0,pop,254308,45.4,0
0.396,0.847,0.829,0.19,106.7,3.3,-4.2,2001,0,pop,457589,63.8,0
0.294,0.667,0.947,0.521,128.2,3.8,-10.4,1997,0,urbano,405150,57.2,0
0.559,0.324,0.806,0.115,152.3,3.35,-4.0,2000,0,rock,431446,58.7,0
0.266,0.702,0.16,0.29,152.2,5.17,-10.4,2015,0,rock,216159,43.0,0
0.767,0.263,0.862,0.457,147.4,3.22,-10.3,2016,1,indie,618927,71.5,1
0.585,0.747,0.156,0.532,109.4,3.29,-10.1,2015,0,urbano,551826,66.6,0
0.226,0.458,0.491,0.382,116.2,3.59,-10.0,2023,1,rock,122034,31.8,0
0.217,0.611,0.394,0.131,65.6,3.29,-8.3,2021,1,indie,331607,52.7,0
0.403,0.587,0.509,0.636,118.1,3.75,-10.5,2005,1,pop,485508,64.8,0
0.421,0.796,0.688,0.091,120.8,4.48,-7.3,2000,1,urbano,634751,72.5,1
0.2,0.305,0.231,0.401,138.5,3.62,-15.8,2008,0,rock,108872,29.3,0
0.952,0.404,0.776,0.856,164.9,3.65,-7.3,2023,0,rock,419100,59.6,0
0.225,0.492,0.316,0.19,137.8,3.32,-11.3,2025,0,indie,277330,47.3,0
0.505,0.928,0.515,0.455,146.8,3.1,-10.0,2001,0,rock,399538,56.3,0
0.413,0.536,0.101,0.378,119.6,3.58,-9.9,1999,0,indie,226054,42.8,0
0.208,0.643,0.332,0.445,152.1,3.51,-5.2,2017,0,pop,349734,54.2,0
0.146,0.594,0.276,0.385,120.3,4.44,-6.5,2022,1,electronica,280313,48.1,0
0.804,0.644,0.402,0.466,148.5,2.73,-8.5,2024,1,pop,752693,79.7,1
0.381,0.372,0.336,0.311,140.1,4.66,-10.1,2024,0,pop,268435,47.8,0
0.293,0.198,0.344,0.387,129.8,3.38,-5.7,2003,0,pop,305316,50.1,0
0.447,0.431,0.456,0.52,81.5,3.62,-2.6,2019,1,rock,421005,60.2,0
0.758,0.533,0.08,0.807,147.3,2.65,-8.1,2015,1,pop,544252,69.2,0
0.315,0.499,0.538,0.458,129.5,3.95,-12.8,2005,0,pop,189655,40.2,0
0.485,0.283,0.303,0.204,137.6,2.73,-10.1,1995,0,rock,148053,34.5,0
0.676,0.695,0.614,0.291,127.8,3.8,-6.3,2015,1,urbano,773190,80.3,1
0.555,0.762,0.385,0.392,132.1,3.72,-9.3,2006,0,urbano,547830,70.3,1
0.478,0.547,0.593,0.237,152.5,3.24,-10.6,2004,0,urbano,500295,64.4,0
0.8,0.418,0.29,0.087,108.2,1.85,-10.7,1995,0,electronica,293923,49.6,0
0.162,0.725,0.665,0.249,131.7,5.23,-7.7,1998,0,rock,243321,45.2,0
0.308,0.901,0.284,0.255,100.6,2.66,-12.6,2000,0,urbano,337330,52.5,0
0.884,0.51,0.488,0.123,134.4,3.72,-8.1,1998,0,electronica,659804,73.6,1
0.707,0.545,0.618,0.187,126.3,2.92,-7.7,2024,0,electronica,623019,71.2,1
0.415,0.908,0.835,0.013,104.2,4.34,-9.3,1995,1,urbano,649734,74.2,1
0.522,0.862,0.365,0.209,122.3,3.2,-11.1,2007,0,pop,456983,62.0,0
0.646,0.357,0.214,0.338,105.8,2.9,-4.9,2025,1,pop,526319,66.3,0
0.834,0.588,0.505,0.214,110.5,3.98,-12.0,1998,0,rock,503909,62.7,0
0.564,0.245,0.368,0.239,128.9,2.48,-7.5,2015,0,indie,163307,36.2,0
0.433,0.859,0.757,0.835,126.7,3.17,-5.8,2002,1,pop,611346,70.9,1
0.277,0.826,0.186,0.424,72.0,4.05,-7.5,2004,0,urbano,456800,62.5,0
0.616,0.402,0.594,0.338,129.3,4.71,-4.3,2008,0,pop,478686,64.3,0
0.242,0.773,0.384,0.355,112.4,2.73,-11.4,2012,0,urbano,408866,56.8,0
0.262,0.752,0.602,0.28,109.6,3.01,-10.4,2018,0,electronica,327878,52.0,0
0.536,0.799,0.374,0.476,91.8,3.78,-9.4,2014,1,electronica,526695,66.5,0
0.624,0.733,0.262,0.478,118.9,1.9,0.0,1995,1,indie,387582,56.3,0
0.2,0.244,0.295,0.206,106.9,4.59,-6.5,2000,0,urbano,182987,38.8,0
0.692,0.751,0.147,0.204,151.8,2.7,-5.9,2014,0,rock,581601,70.8,1
0.273,0.562,0.453,0.698,76.3,3.15,-6.0,2003,0,indie,161604,36.2,0
0.467,0.483,0.507,0.075,95.9,3.71,-7.8,1996,1,rock,231796,43.1,0
0.219,0.371,0.465,0.679,94.2,3.54,-4.9,2011,0,indie,189103,38.7,0
0.152,0.809,0.342,0.259,126.5,2.73,-13.6,2004,0,pop,316142,51.5,0
0.527,0.654,0.58,0.656,149.3,4.88,-7.2,2021,0,pop,421755,57.5,0
0.237,0.849,0.745,0.142,132.6,1.5,-6.7,2022,0,pop,312198,50.7,0
0.157,0.357,0.299,0.229,92.6,2.6,-4.9,1999,0,electronica,123838,31.1,0
0.434,0.197,0.55,0.286,109.3,2.99,-11.5,2019,0,pop,241048,43.3,0
0.564,0.598,0.664,0.248,99.8,2.74,-11.2,2021,0,electronica,394282,58.1,0
0.178,0.569,0.211,0.468,132.7,4.48,-11.1,2014,0,urbano,176084,37.8,0
0.831,0.888,0.422,0.551,108.8,2.17,-6.4,2013,0,rock,421704,59.1,0
0.75,0.687,0.63,0.102,84.7,4.75,-6.4,2009,0,electronica,805038,85.4,1
0.135,0.325,0.909,0.35,134.6,3.28,-10.8,2010,0,urbano,394046,57.5,0
0.616,0.68,0.099,0.091,151.6,2.41,-2.3,1997,0,pop,554769,66.4,0
0.421,0.656,0.128,0.214,115.5,1.82,-7.1,1999,0,rock,252151,44.0,0
0.3,0.789,0.853,0.029,123.0,3.33,-7.6,2016,1,indie,740140,78.7,1
0.358,0.77,0.561,0.071,82.3,2.94,-8.6,2012,0,pop,707357,76.5,1
0.384,0.657,0.173,0.256,68.5,3.69,-5.2,2000,0,pop,299525,49.2,0
0.681,0.593,0.326,0.01,73.8,3.14,-6.8,2005,0,electronica,532781,67.6,0
0.556,0.532,0.691,0.556,118.9,4.26,-2.3,2015,0,pop,459220,60.5,0
0.302,0.672,0.174,0.188,112.3,3.39,-11.6,2000,0,pop,274780,48.1,0
0.483,0.747,0.48,0.275,133.7,3.16,-12.6,2001,0,electronica,388550,56.0,0
0.893,0.344,0.281,0.407,115.1,4.28,-10.2,2022,0,electronica,409126,58.9,0
0.172,0.679,0.273,0.123,144.7,3.68,-6.3,2009,0,pop,345071,53.8,0
0.56,0.626,0.362,0.176,141.8,4.12,-9.3,2009,0,indie,360486,54.2,0
0.261,0.131,0.502,0.622,111.9,4.42,-4.2,1997,0,rock,192987,38.1,0
0.675,0.481,0.403,0.785,94.9,3.26,-9.2,1997,1,pop,348488,52.5,0
0.306,0.932,0.743,0.714,72.1,3.53,-4.8,2015,1,urbano,708636,77.6,1
0.28,0.326,0.76,0.234,155.8,4.18,-10.5,2004,0,electronica,158196,35.4,0
0.252,0.731,0.79,0.146,96.4,1.54,-4.5,2003,0,rock,328310,51.4,0
0.234,0.768,0.463,0.177,82.6,3.42,-3.9,2000,0,rock,448276,60.0,0
0.927,0.049,0.557,0.297,123.2,3.32,-9.7,2018,1,urbano,612651,74.3,1
0.333,0.626,0.287,0.345,82.8,3.8,-6.5,2024,0,pop,342294,53.3,0
0.944,0.373,0.845,0.262,123.2,2.86,-7.2,2003,0,rock,555758,69.8,0
0.539,0.667,0.68,0.165,111.6,4.38,-6.4,2002,1,pop,791902,83.0,1
0.453,0.819,0.58,0.281,143.1,2.91,-4.1,2019,0,electronica,446410,62.4,0
0.581,0.739,0.346,0.244,140.9,3.13,-5.1,2010,1,pop,666103,77.7,1
0.227,0.311,0.855,0.721,147.6,2.97,-6.5,2019,0,pop,316283,52.1,0
0.467,0.661,0.33,0.341,125.2,4.48,-6.0,2018,0,pop,364936,55.5,0
0.883,0.445,0.766,0.459,98.5,1.83,-11.8,2019,0,electronica,684500,75.9,1
0.624,0.581,0.572,0.111,94.1,4.93,-8.1,1999,1,urbano,786815,83.5,1
0.424,0.799,0.624,0.107,106.7,4.68,-11.3,2011,0,urbano,595955,72.2,1
0.248,0.897,0.208,0.54,169.9,3.05,-8.1,2008,0,urbano,479163,63.1,0
0.681,0.801,0.181,0.619,113.8,4.32,-4.6,2021,1,rock,333106,52.2,0
0.66,0.372,0.926,0.53,124.0,3.6,-8.0,2015,0,indie,254458,44.3,0
0.326,0.461,0.899,0.326,158.0,4.82,-15.5,2018,0,urbano,308223,49.6,0
0.733,0.61,0.613,0.744,126.4,4.26,-11.1,2022,0,pop,389937,57.9,0
0.568,0.417,0.336,0.35,101.3,5.25,-6.3,2016,0,electronica,313154,51.3,0
0.593,0.684,0.678,0.214,138.3,2.25,-9.6,2015,0,urbano,287976,48.0,0
0.696,0.789,0.577,0.137,109.3,3.65,-5.6,2011,1,rock,744523,81.2,1
0.733,0.706,0.797,0.561,127.2,2.12,-11.6,1997,0,pop,467513,63.0,0
0.631,0.771,0.233,0.434,132.8,3.09,-6.9,2017,0,electronica,403603,59.6,0
0.85,0.273,0.626,0.605,107.6,5.3,-6.7,2004,0,indie,386667,57.9,0
0.765,0.415,0.402,0.284,124.7,3.87,-5.6,1998,0,urbano,482895,62.5,0
0.414,0.62,0.102,0.174,160.0,4.29,-10.0,2005,0,pop,194488,39.4,0
0.52,0.763,0.24,0.691,104.3,3.91,-5.7,2005,0,pop,427609,60.4,0
0.714,0.638,0.285,0.023,152.9,3.86,-3.5,2007,1,urbano,772978,82.3,1
0.329,0.621,0.695,0.085,105.2,3.08,-14.8,2003,1,urbano,486573,62.3,0
0.65,0.825,0.488,0.113,165.1,2.93,-7.8,2024,0,urbano,1040679,96.5,1
0.543,0.296,0.609,0.135,98.6,3.06,-13.4,2022,0,rock,343562,52.9,0
0.481,0.573,0.531,0.175,110.2,1.5,-10.6,1996,0,pop,419576,58.4,0
